time,value0
"8/6/2024, 12:00:00 AM",6
"8/6/2024, 12:15:00 AM",6
"8/6/2024, 12:30:00 AM",10
"8/6/2024, 12:45:00 AM",7
"8/6/2024, 1:00:00 AM",10
"8/6/2024, 1:15:00 AM",1
"8/6/2024, 1:30:00 AM",5
"8/6/2024, 1:45:00 AM",1
"8/6/2024, 2:00:00 AM",0
"8/6/2024, 2:15:00 AM",3
"8/6/2024, 2:30:00 AM",5
"8/6/2024, 2:45:00 AM",8
"8/6/2024, 3:00:00 AM",4
"8/6/2024, 3:15:00 AM",2
"8/6/2024, 3:30:00 AM",1
"8/6/2024, 3:45:00 AM",3
"8/6/2024, 4:00:00 AM",5
"8/6/2024, 4:15:00 AM",5
"8/6/2024, 4:30:00 AM",9
"8/6/2024, 4:45:00 AM",6
"8/6/2024, 5:00:00 AM",5
"8/6/2024, 5:15:00 AM",1
"8/6/2024, 5:30:00 AM",8
"8/6/2024, 5:45:00 AM",4
"8/6/2024, 6:00:00 AM",9
"8/6/2024, 6:15:00 AM",10
"8/6/2024, 6:30:00 AM",5
"8/6/2024, 6:45:00 AM",6
"8/6/2024, 7:00:00 AM",2
"8/6/2024, 7:15:00 AM",2
"8/6/2024, 7:30:00 AM",5
"8/6/2024, 7:45:00 AM",9
"8/6/2024, 8:00:00 AM",9
"8/6/2024, 8:15:00 AM",2
"8/6/2024, 8:30:00 AM",9
"8/6/2024, 8:45:00 AM",4
"8/6/2024, 9:00:00 AM",6
"8/6/2024, 9:15:00 AM",3
"8/6/2024, 9:30:00 AM",4
"8/6/2024, 9:45:00 AM",7
"8/6/2024, 10:00:00 AM",4
"8/6/2024, 10:15:00 AM",2
"8/6/2024, 10:30:00 AM",6
"8/6/2024, 10:45:00 AM",3
"8/6/2024, 11:00:00 AM",9
"8/6/2024, 11:15:00 AM",1
"8/6/2024, 11:30:00 AM",2
"8/6/2024, 11:45:00 AM",4
"8/6/2024, 12:00:00 PM",129
"8/6/2024, 12:15:00 PM",170
"8/6/2024, 12:30:00 PM",13
"8/6/2024, 12:45:00 PM",49
"8/6/2024, 1:00:00 PM",51
"8/6/2024, 1:15:00 PM",128
"8/6/2024, 1:30:00 PM",29
"8/6/2024, 1:45:00 PM",187
"8/6/2024, 2:00:00 PM",191
"8/6/2024, 2:15:00 PM",82
"8/6/2024, 2:30:00 PM",122
"8/6/2024, 2:45:00 PM",174
"8/6/2024, 3:00:00 PM",124
"8/6/2024, 3:15:00 PM",111
"8/6/2024, 3:30:00 PM",87
"8/6/2024, 3:45:00 PM",146
"8/6/2024, 4:00:00 PM",93
"8/6/2024, 4:15:00 PM",5
"8/6/2024, 4:30:00 PM",168
"8/6/2024, 4:45:00 PM",60
"8/6/2024, 5:00:00 PM",189
"8/6/2024, 5:15:00 PM",88
"8/6/2024, 5:30:00 PM",132
"8/6/2024, 5:45:00 PM",112
"8/6/2024, 6:00:00 PM",178
"8/6/2024, 6:15:00 PM",60
"8/6/2024, 6:30:00 PM",61
"8/6/2024, 6:45:00 PM",70
"8/6/2024, 7:00:00 PM",62
"8/6/2024, 7:15:00 PM",176
"8/6/2024, 7:30:00 PM",57
"8/6/2024, 7:45:00 PM",5
"8/6/2024, 8:00:00 PM",180
"8/6/2024, 8:15:00 PM",165
"8/6/2024, 8:30:00 PM",38
"8/6/2024, 8:45:00 PM",148
"8/6/2024, 9:00:00 PM",17
"8/6/2024, 9:15:00 PM",199
"8/6/2024, 9:30:00 PM",121
"8/6/2024, 9:45:00 PM",95
"8/6/2024, 10:00:00 PM",131
"8/6/2024, 10:15:00 PM",92
"8/6/2024, 10:30:00 PM",94
"8/6/2024, 10:45:00 PM",163
"8/6/2024, 11:00:00 PM",68
"8/6/2024, 11:15:00 PM",68
"8/6/2024, 11:30:00 PM",33
"8/6/2024, 11:45:00 PM",106
"8/7/2024, 12:00:00 AM",5
"8/7/2024, 12:15:00 AM",5
"8/7/2024, 12:30:00 AM",7
"8/7/2024, 12:45:00 AM",8
"8/7/2024, 1:00:00 AM",6
"8/7/2024, 1:15:00 AM",2
"8/7/2024, 1:30:00 AM",8
"8/7/2024, 1:45:00 AM",5
"8/7/2024, 2:00:00 AM",1
"8/7/2024, 2:15:00 AM",5
"8/7/2024, 2:30:00 AM",1
"8/7/2024, 2:45:00 AM",7
"8/7/2024, 3:00:00 AM",9
"8/7/2024, 3:15:00 AM",4
"8/7/2024, 3:30:00 AM",9
"8/7/2024, 3:45:00 AM",7
"8/7/2024, 4:00:00 AM",5
"8/7/2024, 4:15:00 AM",5
"8/7/2024, 4:30:00 AM",4
"8/7/2024, 4:45:00 AM",8
"8/7/2024, 5:00:00 AM",7
"8/7/2024, 5:15:00 AM",7
"8/7/2024, 5:30:00 AM",4
"8/7/2024, 5:45:00 AM",7
"8/7/2024, 6:00:00 AM",9
"8/7/2024, 6:15:00 AM",9
"8/7/2024, 6:30:00 AM",1
"8/7/2024, 6:45:00 AM",7
"8/7/2024, 7:00:00 AM",7
"8/7/2024, 7:15:00 AM",8
"8/7/2024, 7:30:00 AM",4
"8/7/2024, 7:45:00 AM",6
"8/7/2024, 8:00:00 AM",7
"8/7/2024, 8:15:00 AM",1
"8/7/2024, 8:30:00 AM",6
"8/7/2024, 8:45:00 AM",3
"8/7/2024, 9:00:00 AM",3
"8/7/2024, 9:15:00 AM",2
"8/7/2024, 9:30:00 AM",9
"8/7/2024, 9:45:00 AM",9
"8/7/2024, 10:00:00 AM",3
"8/7/2024, 10:15:00 AM",1
"8/7/2024, 10:30:00 AM",2
"8/7/2024, 10:45:00 AM",0
"8/7/2024, 11:00:00 AM",1
"8/7/2024, 11:15:00 AM",10
"8/7/2024, 11:30:00 AM",3
"8/7/2024, 11:45:00 AM",1
"8/7/2024, 12:00:00 PM",18
"8/7/2024, 12:15:00 PM",24
"8/7/2024, 12:30:00 PM",81
"8/7/2024, 12:45:00 PM",161
"8/7/2024, 1:00:00 PM",19
"8/7/2024, 1:15:00 PM",130
"8/7/2024, 1:30:00 PM",79
"8/7/2024, 1:45:00 PM",103
"8/7/2024, 2:00:00 PM",96
"8/7/2024, 2:15:00 PM",76
"8/7/2024, 2:30:00 PM",38
"8/7/2024, 2:45:00 PM",69
"8/7/2024, 3:00:00 PM",5
"8/7/2024, 3:15:00 PM",101
"8/7/2024, 3:30:00 PM",57
"8/7/2024, 3:45:00 PM",82
"8/7/2024, 4:00:00 PM",163
"8/7/2024, 4:15:00 PM",112
"8/7/2024, 4:30:00 PM",65
"8/7/2024, 4:45:00 PM",180
"8/7/2024, 5:00:00 PM",51
"8/7/2024, 5:15:00 PM",30
"8/7/2024, 5:30:00 PM",98
"8/7/2024, 5:45:00 PM",55
"8/7/2024, 6:00:00 PM",142
"8/7/2024, 6:15:00 PM",80
"8/7/2024, 6:30:00 PM",27
"8/7/2024, 6:45:00 PM",148
"8/7/2024, 7:00:00 PM",141
"8/7/2024, 7:15:00 PM",189
"8/7/2024, 7:30:00 PM",161
"8/7/2024, 7:45:00 PM",184
"8/7/2024, 8:00:00 PM",31
"8/7/2024, 8:15:00 PM",71
"8/7/2024, 8:30:00 PM",117
"8/7/2024, 8:45:00 PM",99
"8/7/2024, 9:00:00 PM",125
"8/7/2024, 9:15:00 PM",68
"8/7/2024, 9:30:00 PM",155
"8/7/2024, 9:45:00 PM",93
"8/7/2024, 10:00:00 PM",115
"8/7/2024, 10:15:00 PM",88
"8/7/2024, 10:30:00 PM",107
"8/7/2024, 10:45:00 PM",136
"8/7/2024, 11:00:00 PM",13
"8/7/2024, 11:15:00 PM",47
"8/7/2024, 11:30:00 PM",109
"8/7/2024, 11:45:00 PM",106
"8/8/2024, 12:00:00 AM",3
"8/8/2024, 12:15:00 AM",6
"8/8/2024, 12:30:00 AM",7
"8/8/2024, 12:45:00 AM",1
"8/8/2024, 1:00:00 AM",8
"8/8/2024, 1:15:00 AM",5
"8/8/2024, 1:30:00 AM",1
"8/8/2024, 1:45:00 AM",6
"8/8/2024, 2:00:00 AM",3
"8/8/2024, 2:15:00 AM",7
"8/8/2024, 2:30:00 AM",6
"8/8/2024, 2:45:00 AM",7
"8/8/2024, 3:00:00 AM",5
"8/8/2024, 3:15:00 AM",5
"8/8/2024, 3:30:00 AM",2
"8/8/2024, 3:45:00 AM",4
"8/8/2024, 4:00:00 AM",8
"8/8/2024, 4:15:00 AM",9
"8/8/2024, 4:30:00 AM",5
"8/8/2024, 4:45:00 AM",8
"8/8/2024, 5:00:00 AM",8
"8/8/2024, 5:15:00 AM",9
"8/8/2024, 5:30:00 AM",5
"8/8/2024, 5:45:00 AM",5
"8/8/2024, 6:00:00 AM",4
"8/8/2024, 6:15:00 AM",3
"8/8/2024, 6:30:00 AM",0
"8/8/2024, 6:45:00 AM",7
"8/8/2024, 7:00:00 AM",3
"8/8/2024, 7:15:00 AM",7
"8/8/2024, 7:30:00 AM",3
"8/8/2024, 7:45:00 AM",7
"8/8/2024, 8:00:00 AM",7
"8/8/2024, 8:15:00 AM",6
"8/8/2024, 8:30:00 AM",9
"8/8/2024, 8:45:00 AM",2
"8/8/2024, 9:00:00 AM",5
"8/8/2024, 9:15:00 AM",6
"8/8/2024, 9:30:00 AM",1
"8/8/2024, 9:45:00 AM",6
"8/8/2024, 10:00:00 AM",3
"8/8/2024, 10:15:00 AM",6
"8/8/2024, 10:30:00 AM",3
"8/8/2024, 10:45:00 AM",8
"8/8/2024, 11:00:00 AM",6
"8/8/2024, 11:15:00 AM",9
"8/8/2024, 11:30:00 AM",8
"8/8/2024, 11:45:00 AM",9
"8/8/2024, 12:00:00 PM",171
"8/8/2024, 12:15:00 PM",149
"8/8/2024, 12:30:00 PM",24
"8/8/2024, 12:45:00 PM",48
"8/8/2024, 1:00:00 PM",143
"8/8/2024, 1:15:00 PM",162
"8/8/2024, 1:30:00 PM",125
"8/8/2024, 1:45:00 PM",127
"8/8/2024, 2:00:00 PM",187
"8/8/2024, 2:15:00 PM",78
"8/8/2024, 2:30:00 PM",11
"8/8/2024, 2:45:00 PM",196
"8/8/2024, 3:00:00 PM",168
"8/8/2024, 3:15:00 PM",131
"8/8/2024, 3:30:00 PM",47
"8/8/2024, 3:45:00 PM",5
"8/8/2024, 4:00:00 PM",143
"8/8/2024, 4:15:00 PM",58
"8/8/2024, 4:30:00 PM",52
"8/8/2024, 4:45:00 PM",111
"8/8/2024, 5:00:00 PM",129
"8/8/2024, 5:15:00 PM",58
"8/8/2024, 5:30:00 PM",35
"8/8/2024, 5:45:00 PM",155
"8/8/2024, 6:00:00 PM",20
"8/8/2024, 6:15:00 PM",56
"8/8/2024, 6:30:00 PM",32
"8/8/2024, 6:45:00 PM",137
"8/8/2024, 7:00:00 PM",61
"8/8/2024, 7:15:00 PM",27
"8/8/2024, 7:30:00 PM",96
"8/8/2024, 7:45:00 PM",0
"8/8/2024, 8:00:00 PM",108
"8/8/2024, 8:15:00 PM",152
"8/8/2024, 8:30:00 PM",193
"8/8/2024, 8:45:00 PM",188
"8/8/2024, 9:00:00 PM",78
"8/8/2024, 9:15:00 PM",110
"8/8/2024, 9:30:00 PM",66
"8/8/2024, 9:45:00 PM",44
"8/8/2024, 10:00:00 PM",153
"8/8/2024, 10:15:00 PM",147
"8/8/2024, 10:30:00 PM",66
"8/8/2024, 10:45:00 PM",147
"8/8/2024, 11:00:00 PM",125
"8/8/2024, 11:15:00 PM",179
"8/8/2024, 11:30:00 PM",56
"8/8/2024, 11:45:00 PM",152
"8/9/2024, 12:00:00 AM",6
"8/9/2024, 12:15:00 AM",6
"8/9/2024, 12:30:00 AM",2
"8/9/2024, 12:45:00 AM",7
"8/9/2024, 1:00:00 AM",1
"8/9/2024, 1:15:00 AM",9
"8/9/2024, 1:30:00 AM",1
"8/9/2024, 1:45:00 AM",1
"8/9/2024, 2:00:00 AM",4
"8/9/2024, 2:15:00 AM",1
"8/9/2024, 2:30:00 AM",9
"8/9/2024, 2:45:00 AM",2
"8/9/2024, 3:00:00 AM",3
"8/9/2024, 3:15:00 AM",8
"8/9/2024, 3:30:00 AM",5
"8/9/2024, 3:45:00 AM",8
"8/9/2024, 4:00:00 AM",4
"8/9/2024, 4:15:00 AM",8
"8/9/2024, 4:30:00 AM",3
"8/9/2024, 4:45:00 AM",4
"8/9/2024, 5:00:00 AM",4
"8/9/2024, 5:15:00 AM",4
"8/9/2024, 5:30:00 AM",8
"8/9/2024, 5:45:00 AM",1
"8/9/2024, 6:00:00 AM",2
"8/9/2024, 6:15:00 AM",8
"8/9/2024, 6:30:00 AM",10
"8/9/2024, 6:45:00 AM",1
"8/9/2024, 7:00:00 AM",4
"8/9/2024, 7:15:00 AM",0
"8/9/2024, 7:30:00 AM",7
"8/9/2024, 7:45:00 AM",1
"8/9/2024, 8:00:00 AM",1
"8/9/2024, 8:15:00 AM",2
"8/9/2024, 8:30:00 AM",1
"8/9/2024, 8:45:00 AM",5
"8/9/2024, 9:00:00 AM",10
"8/9/2024, 9:15:00 AM",5
"8/9/2024, 9:30:00 AM",6
"8/9/2024, 9:45:00 AM",8
"8/9/2024, 10:00:00 AM",1
"8/9/2024, 10:15:00 AM",10
"8/9/2024, 10:30:00 AM",0
"8/9/2024, 10:45:00 AM",9
"8/9/2024, 11:00:00 AM",4
"8/9/2024, 11:15:00 AM",8
"8/9/2024, 11:30:00 AM",1
"8/9/2024, 11:45:00 AM",2
"8/9/2024, 12:00:00 PM",193
"8/9/2024, 12:15:00 PM",26
"8/9/2024, 12:30:00 PM",48
"8/9/2024, 12:45:00 PM",122
"8/9/2024, 1:00:00 PM",127
"8/9/2024, 1:15:00 PM",73
"8/9/2024, 1:30:00 PM",16
"8/9/2024, 1:45:00 PM",60
"8/9/2024, 2:00:00 PM",69
"8/9/2024, 2:15:00 PM",177
"8/9/2024, 2:30:00 PM",9
"8/9/2024, 2:45:00 PM",131
"8/9/2024, 3:00:00 PM",158
"8/9/2024, 3:15:00 PM",52
"8/9/2024, 3:30:00 PM",3
"8/9/2024, 3:45:00 PM",126
"8/9/2024, 4:00:00 PM",199
"8/9/2024, 4:15:00 PM",10
"8/9/2024, 4:30:00 PM",74
"8/9/2024, 4:45:00 PM",144
"8/9/2024, 5:00:00 PM",113
"8/9/2024, 5:15:00 PM",80
"8/9/2024, 5:30:00 PM",19
"8/9/2024, 5:45:00 PM",39
"8/9/2024, 6:00:00 PM",15
"8/9/2024, 6:15:00 PM",178
"8/9/2024, 6:30:00 PM",178
"8/9/2024, 6:45:00 PM",180
"8/9/2024, 7:00:00 PM",36
"8/9/2024, 7:15:00 PM",140
"8/9/2024, 7:30:00 PM",51
"8/9/2024, 7:45:00 PM",35
"8/9/2024, 8:00:00 PM",44
"8/9/2024, 8:15:00 PM",28
"8/9/2024, 8:30:00 PM",45
"8/9/2024, 8:45:00 PM",122
"8/9/2024, 9:00:00 PM",151
"8/9/2024, 9:15:00 PM",110
"8/9/2024, 9:30:00 PM",82
"8/9/2024, 9:45:00 PM",114
"8/9/2024, 10:00:00 PM",96
"8/9/2024, 10:15:00 PM",167
"8/9/2024, 10:30:00 PM",94
"8/9/2024, 10:45:00 PM",0
"8/9/2024, 11:00:00 PM",135
"8/9/2024, 11:15:00 PM",99
"8/9/2024, 11:30:00 PM",8
"8/9/2024, 11:45:00 PM",32
"8/10/2024, 12:00:00 AM",1
"8/10/2024, 12:15:00 AM",8
"8/10/2024, 12:30:00 AM",4
"8/10/2024, 12:45:00 AM",1
"8/10/2024, 1:00:00 AM",3
"8/10/2024, 1:15:00 AM",8
"8/10/2024, 1:30:00 AM",5
"8/10/2024, 1:45:00 AM",4
"8/10/2024, 2:00:00 AM",5
"8/10/2024, 2:15:00 AM",9
"8/10/2024, 2:30:00 AM",1
"8/10/2024, 2:45:00 AM",1
"8/10/2024, 3:00:00 AM",5
"8/10/2024, 3:15:00 AM",5
"8/10/2024, 3:30:00 AM",7
"8/10/2024, 3:45:00 AM",2
"8/10/2024, 4:00:00 AM",4
"8/10/2024, 4:15:00 AM",8
"8/10/2024, 4:30:00 AM",0
"8/10/2024, 4:45:00 AM",8
"8/10/2024, 5:00:00 AM",1
"8/10/2024, 5:15:00 AM",8
"8/10/2024, 5:30:00 AM",6
"8/10/2024, 5:45:00 AM",5
"8/10/2024, 6:00:00 AM",7
"8/10/2024, 6:15:00 AM",4
"8/10/2024, 6:30:00 AM",1
"8/10/2024, 6:45:00 AM",7
"8/10/2024, 7:00:00 AM",10
"8/10/2024, 7:15:00 AM",1
"8/10/2024, 7:30:00 AM",3
"8/10/2024, 7:45:00 AM",0
"8/10/2024, 8:00:00 AM",3
"8/10/2024, 8:15:00 AM",9
"8/10/2024, 8:30:00 AM",10
"8/10/2024, 8:45:00 AM",1
"8/10/2024, 9:00:00 AM",2
"8/10/2024, 9:15:00 AM",5
"8/10/2024, 9:30:00 AM",2
"8/10/2024, 9:45:00 AM",7
"8/10/2024, 10:00:00 AM",9
"8/10/2024, 10:15:00 AM",5
"8/10/2024, 10:30:00 AM",3
"8/10/2024, 10:45:00 AM",6
"8/10/2024, 11:00:00 AM",4
"8/10/2024, 11:15:00 AM",9
"8/10/2024, 11:30:00 AM",10
"8/10/2024, 11:45:00 AM",6
"8/10/2024, 12:00:00 PM",113
"8/10/2024, 12:15:00 PM",12
"8/10/2024, 12:30:00 PM",103
"8/10/2024, 12:45:00 PM",170
"8/10/2024, 1:00:00 PM",94
"8/10/2024, 1:15:00 PM",41
"8/10/2024, 1:30:00 PM",165
"8/10/2024, 1:45:00 PM",113
"8/10/2024, 2:00:00 PM",88
"8/10/2024, 2:15:00 PM",188
"8/10/2024, 2:30:00 PM",0
"8/10/2024, 2:45:00 PM",22
"8/10/2024, 3:00:00 PM",121
"8/10/2024, 3:15:00 PM",48
"8/10/2024, 3:30:00 PM",159
"8/10/2024, 3:45:00 PM",189
"8/10/2024, 4:00:00 PM",120
"8/10/2024, 4:15:00 PM",152
"8/10/2024, 4:30:00 PM",152
"8/10/2024, 4:45:00 PM",125
"8/10/2024, 5:00:00 PM",108
"8/10/2024, 5:15:00 PM",99
"8/10/2024, 5:30:00 PM",127
"8/10/2024, 5:45:00 PM",94
"8/10/2024, 6:00:00 PM",149
"8/10/2024, 6:15:00 PM",76
"8/10/2024, 6:30:00 PM",130
"8/10/2024, 6:45:00 PM",186
"8/10/2024, 7:00:00 PM",56
"8/10/2024, 7:15:00 PM",77
"8/10/2024, 7:30:00 PM",165
"8/10/2024, 7:45:00 PM",180
"8/10/2024, 8:00:00 PM",135
"8/10/2024, 8:15:00 PM",158
"8/10/2024, 8:30:00 PM",180
"8/10/2024, 8:45:00 PM",11
"8/10/2024, 9:00:00 PM",11
"8/10/2024, 9:15:00 PM",21
"8/10/2024, 9:30:00 PM",54
"8/10/2024, 9:45:00 PM",36
"8/10/2024, 10:00:00 PM",95
"8/10/2024, 10:15:00 PM",190
"8/10/2024, 10:30:00 PM",144
"8/10/2024, 10:45:00 PM",72
"8/10/2024, 11:00:00 PM",132
"8/10/2024, 11:15:00 PM",46
"8/10/2024, 11:30:00 PM",28
"8/10/2024, 11:45:00 PM",197
"8/11/2024, 12:00:00 AM",6
"8/11/2024, 12:15:00 AM",8
"8/11/2024, 12:30:00 AM",5
"8/11/2024, 12:45:00 AM",6
"8/11/2024, 1:00:00 AM",7
"8/11/2024, 1:15:00 AM",8
"8/11/2024, 1:30:00 AM",8
"8/11/2024, 1:45:00 AM",5
"8/11/2024, 2:00:00 AM",2
"8/11/2024, 2:15:00 AM",6
"8/11/2024, 2:30:00 AM",9
"8/11/2024, 2:45:00 AM",3
"8/11/2024, 3:00:00 AM",6
"8/11/2024, 3:15:00 AM",8
"8/11/2024, 3:30:00 AM",2
"8/11/2024, 3:45:00 AM",2
"8/11/2024, 4:00:00 AM",0
"8/11/2024, 4:15:00 AM",2
"8/11/2024, 4:30:00 AM",2
"8/11/2024, 4:45:00 AM",3
"8/11/2024, 5:00:00 AM",1
"8/11/2024, 5:15:00 AM",3
"8/11/2024, 5:30:00 AM",2
"8/11/2024, 5:45:00 AM",4
"8/11/2024, 6:00:00 AM",9
"8/11/2024, 6:15:00 AM",7
"8/11/2024, 6:30:00 AM",5
"8/11/2024, 6:45:00 AM",2
"8/11/2024, 7:00:00 AM",7
"8/11/2024, 7:15:00 AM",1
"8/11/2024, 7:30:00 AM",0
"8/11/2024, 7:45:00 AM",2
"8/11/2024, 8:00:00 AM",2
"8/11/2024, 8:15:00 AM",0
"8/11/2024, 8:30:00 AM",2
"8/11/2024, 8:45:00 AM",7
"8/11/2024, 9:00:00 AM",2
"8/11/2024, 9:15:00 AM",1
"8/11/2024, 9:30:00 AM",4
"8/11/2024, 9:45:00 AM",2
"8/11/2024, 10:00:00 AM",5
"8/11/2024, 10:15:00 AM",2
"8/11/2024, 10:30:00 AM",6
"8/11/2024, 10:45:00 AM",4
"8/11/2024, 11:00:00 AM",2
"8/11/2024, 11:15:00 AM",10
"8/11/2024, 11:30:00 AM",3
"8/11/2024, 11:45:00 AM",4
"8/11/2024, 12:00:00 PM",30
"8/11/2024, 12:15:00 PM",21
"8/11/2024, 12:30:00 PM",134
"8/11/2024, 12:45:00 PM",115
"8/11/2024, 1:00:00 PM",111
"8/11/2024, 1:15:00 PM",4
"8/11/2024, 1:30:00 PM",167
"8/11/2024, 1:45:00 PM",30
"8/11/2024, 2:00:00 PM",20
"8/11/2024, 2:15:00 PM",37
"8/11/2024, 2:30:00 PM",33
"8/11/2024, 2:45:00 PM",91
"8/11/2024, 3:00:00 PM",8
"8/11/2024, 3:15:00 PM",170
"8/11/2024, 3:30:00 PM",172
"8/11/2024, 3:45:00 PM",60
"8/11/2024, 4:00:00 PM",142
"8/11/2024, 4:15:00 PM",72
"8/11/2024, 4:30:00 PM",101
"8/11/2024, 4:45:00 PM",178
"8/11/2024, 5:00:00 PM",58
"8/11/2024, 5:15:00 PM",77
"8/11/2024, 5:30:00 PM",129
"8/11/2024, 5:45:00 PM",66
"8/11/2024, 6:00:00 PM",125
"8/11/2024, 6:15:00 PM",85
"8/11/2024, 6:30:00 PM",27
"8/11/2024, 6:45:00 PM",134
"8/11/2024, 7:00:00 PM",111
"8/11/2024, 7:15:00 PM",189
"8/11/2024, 7:30:00 PM",147
"8/11/2024, 7:45:00 PM",106
"8/11/2024, 8:00:00 PM",50
"8/11/2024, 8:15:00 PM",89
"8/11/2024, 8:30:00 PM",139
"8/11/2024, 8:45:00 PM",137
"8/11/2024, 9:00:00 PM",192
"8/11/2024, 9:15:00 PM",115
"8/11/2024, 9:30:00 PM",180
"8/11/2024, 9:45:00 PM",18
"8/11/2024, 10:00:00 PM",161
"8/11/2024, 10:15:00 PM",95
"8/11/2024, 10:30:00 PM",146
"8/11/2024, 10:45:00 PM",181
"8/11/2024, 11:00:00 PM",74
"8/11/2024, 11:15:00 PM",85
"8/11/2024, 11:30:00 PM",65
"8/11/2024, 11:45:00 PM",3
"8/12/2024, 12:00:00 AM",2
"8/12/2024, 12:15:00 AM",6
"8/12/2024, 12:30:00 AM",4
"8/12/2024, 12:45:00 AM",8
"8/12/2024, 1:00:00 AM",9
"8/12/2024, 1:15:00 AM",5
"8/12/2024, 1:30:00 AM",0
"8/12/2024, 1:45:00 AM",7
"8/12/2024, 2:00:00 AM",2
"8/12/2024, 2:15:00 AM",7
"8/12/2024, 2:30:00 AM",6
"8/12/2024, 2:45:00 AM",1
"8/12/2024, 3:00:00 AM",3
"8/12/2024, 3:15:00 AM",8
"8/12/2024, 3:30:00 AM",1
"8/12/2024, 3:45:00 AM",5
"8/12/2024, 4:00:00 AM",6
"8/12/2024, 4:15:00 AM",2
"8/12/2024, 4:30:00 AM",5
"8/12/2024, 4:45:00 AM",1
"8/12/2024, 5:00:00 AM",1
"8/12/2024, 5:15:00 AM",7
"8/12/2024, 5:30:00 AM",1
"8/12/2024, 5:45:00 AM",3
"8/12/2024, 6:00:00 AM",6
"8/12/2024, 6:15:00 AM",9
"8/12/2024, 6:30:00 AM",9
"8/12/2024, 6:45:00 AM",0
"8/12/2024, 7:00:00 AM",9
"8/12/2024, 7:15:00 AM",5
"8/12/2024, 7:30:00 AM",6
"8/12/2024, 7:45:00 AM",6
"8/12/2024, 8:00:00 AM",3
"8/12/2024, 8:15:00 AM",9
"8/12/2024, 8:30:00 AM",2
"8/12/2024, 8:45:00 AM",1
"8/12/2024, 9:00:00 AM",9
"8/12/2024, 9:15:00 AM",8
"8/12/2024, 9:30:00 AM",5
"8/12/2024, 9:45:00 AM",3
"8/12/2024, 10:00:00 AM",6
"8/12/2024, 10:15:00 AM",6
"8/12/2024, 10:30:00 AM",9
"8/12/2024, 10:45:00 AM",7
"8/12/2024, 11:00:00 AM",5
"8/12/2024, 11:15:00 AM",4
"8/12/2024, 11:30:00 AM",5
"8/12/2024, 11:45:00 AM",105
"8/12/2024, 12:00:00 PM",194
"8/12/2024, 12:15:00 PM",161
"8/12/2024, 12:30:00 PM",98
"8/12/2024, 12:45:00 PM",2
"8/12/2024, 1:00:00 PM",140
"8/12/2024, 1:15:00 PM",11
"8/12/2024, 1:30:00 PM",196
"8/12/2024, 1:45:00 PM",112
"8/12/2024, 2:00:00 PM",113
"8/12/2024, 2:15:00 PM",165
"8/12/2024, 2:30:00 PM",63
"8/12/2024, 2:45:00 PM",8
"8/12/2024, 3:00:00 PM",164
"8/12/2024, 3:15:00 PM",29
"8/12/2024, 3:30:00 PM",49
"8/12/2024, 3:45:00 PM",151
"8/12/2024, 4:00:00 PM",95
"8/12/2024, 4:15:00 PM",112
"8/12/2024, 4:30:00 PM",26
"8/12/2024, 4:45:00 PM",100
"8/12/2024, 5:00:00 PM",74
"8/12/2024, 5:15:00 PM",103
"8/12/2024, 5:30:00 PM",138
"8/12/2024, 5:45:00 PM",42
"8/12/2024, 6:00:00 PM",33
"8/12/2024, 6:15:00 PM",183
"8/12/2024, 6:30:00 PM",133
"8/12/2024, 6:45:00 PM",193
"8/12/2024, 7:00:00 PM",115
"8/12/2024, 7:15:00 PM",127
"8/12/2024, 7:30:00 PM",77
"8/12/2024, 7:45:00 PM",121
"8/12/2024, 8:00:00 PM",49
"8/12/2024, 8:15:00 PM",140
"8/12/2024, 8:30:00 PM",53
"8/12/2024, 8:45:00 PM",141
"8/12/2024, 9:00:00 PM",177
"8/12/2024, 9:15:00 PM",148
"8/12/2024, 9:30:00 PM",42
"8/12/2024, 9:45:00 PM",62
"8/12/2024, 10:00:00 PM",21
"8/12/2024, 10:15:00 PM",87
"8/12/2024, 10:30:00 PM",147
"8/12/2024, 10:45:00 PM",199
"8/12/2024, 11:00:00 PM",93
"8/12/2024, 11:15:00 PM",134
"8/12/2024, 11:30:00 PM",200
"8/12/2024, 11:45:00 PM",8
"8/13/2024, 12:00:00 AM",4
"8/13/2024, 12:15:00 AM",4
"8/13/2024, 12:30:00 AM",3
"8/13/2024, 12:45:00 AM",5
"8/13/2024, 1:00:00 AM",1
"8/13/2024, 1:15:00 AM",8
"8/13/2024, 1:30:00 AM",8
"8/13/2024, 1:45:00 AM",3
"8/13/2024, 2:00:00 AM",6
"8/13/2024, 2:15:00 AM",9
"8/13/2024, 2:30:00 AM",5
"8/13/2024, 2:45:00 AM",5
"8/13/2024, 3:00:00 AM",0
"8/13/2024, 3:15:00 AM",9
"8/13/2024, 3:30:00 AM",9
"8/13/2024, 3:45:00 AM",1
"8/13/2024, 4:00:00 AM",9
"8/13/2024, 4:15:00 AM",7
"8/13/2024, 4:30:00 AM",9
"8/13/2024, 4:45:00 AM",10
"8/13/2024, 5:00:00 AM",4
"8/13/2024, 5:15:00 AM",2
"8/13/2024, 5:30:00 AM",0
"8/13/2024, 5:45:00 AM",6
"8/13/2024, 6:00:00 AM",8
"8/13/2024, 6:15:00 AM",9
"8/13/2024, 6:30:00 AM",4
"8/13/2024, 6:45:00 AM",6
"8/13/2024, 7:00:00 AM",3
"8/13/2024, 7:15:00 AM",3
"8/13/2024, 7:30:00 AM",2
"8/13/2024, 7:45:00 AM",5
"8/13/2024, 8:00:00 AM",1
"8/13/2024, 8:15:00 AM",8
"8/13/2024, 8:30:00 AM",5
"8/13/2024, 8:45:00 AM",2
"8/13/2024, 9:00:00 AM",4
"8/13/2024, 9:15:00 AM",7
"8/13/2024, 9:30:00 AM",4
"8/13/2024, 9:45:00 AM",8
"8/13/2024, 10:00:00 AM",4
"8/13/2024, 10:15:00 AM",6
"8/13/2024, 10:30:00 AM",9
"8/13/2024, 10:45:00 AM",4
"8/13/2024, 11:00:00 AM",0
"8/13/2024, 11:15:00 AM",7
"8/13/2024, 11:30:00 AM",3
"8/13/2024, 11:45:00 AM",95
"8/13/2024, 12:00:00 PM",53
"8/13/2024, 12:15:00 PM",109
"8/13/2024, 12:30:00 PM",147
"8/13/2024, 12:45:00 PM",93
"8/13/2024, 1:00:00 PM",48
"8/13/2024, 1:15:00 PM",19
"8/13/2024, 1:30:00 PM",178
"8/13/2024, 1:45:00 PM",105
"8/13/2024, 2:00:00 PM",117
"8/13/2024, 2:15:00 PM",135
"8/13/2024, 2:30:00 PM",92
"8/13/2024, 2:45:00 PM",82
"8/13/2024, 3:00:00 PM",84
"8/13/2024, 3:15:00 PM",109
"8/13/2024, 3:30:00 PM",155
"8/13/2024, 3:45:00 PM",150
"8/13/2024, 4:00:00 PM",129
"8/13/2024, 4:15:00 PM",199
"8/13/2024, 4:30:00 PM",181
"8/13/2024, 4:45:00 PM",138
"8/13/2024, 5:00:00 PM",55
"8/13/2024, 5:15:00 PM",100
"8/13/2024, 5:30:00 PM",85
"8/13/2024, 5:45:00 PM",46
"8/13/2024, 6:00:00 PM",46
"8/13/2024, 6:15:00 PM",121
"8/13/2024, 6:30:00 PM",148
"8/13/2024, 6:45:00 PM",99
"8/13/2024, 7:00:00 PM",117
"8/13/2024, 7:15:00 PM",36
"8/13/2024, 7:30:00 PM",91
"8/13/2024, 7:45:00 PM",146
"8/13/2024, 8:00:00 PM",96
"8/13/2024, 8:15:00 PM",129
"8/13/2024, 8:30:00 PM",186
"8/13/2024, 8:45:00 PM",50
"8/13/2024, 9:00:00 PM",88
"8/13/2024, 9:15:00 PM",136
"8/13/2024, 9:30:00 PM",10
"8/13/2024, 9:45:00 PM",144
"8/13/2024, 10:00:00 PM",109
"8/13/2024, 10:15:00 PM",40
"8/13/2024, 10:30:00 PM",107
"8/13/2024, 10:45:00 PM",193
"8/13/2024, 11:00:00 PM",106
"8/13/2024, 11:15:00 PM",111
"8/13/2024, 11:30:00 PM",154
"8/13/2024, 11:45:00 PM",3
"8/14/2024, 12:00:00 AM",2
"8/14/2024, 12:15:00 AM",3
"8/14/2024, 12:30:00 AM",6
"8/14/2024, 12:45:00 AM",5
"8/14/2024, 1:00:00 AM",1
"8/14/2024, 1:15:00 AM",8
"8/14/2024, 1:30:00 AM",6
"8/14/2024, 1:45:00 AM",9
"8/14/2024, 2:00:00 AM",10
"8/14/2024, 2:15:00 AM",0
"8/14/2024, 2:30:00 AM",1
"8/14/2024, 2:45:00 AM",3
"8/14/2024, 3:00:00 AM",0
"8/14/2024, 3:15:00 AM",2
"8/14/2024, 3:30:00 AM",7
"8/14/2024, 3:45:00 AM",1
"8/14/2024, 4:00:00 AM",5
"8/14/2024, 4:15:00 AM",10
"8/14/2024, 4:30:00 AM",9
"8/14/2024, 4:45:00 AM",1
"8/14/2024, 5:00:00 AM",9
"8/14/2024, 5:15:00 AM",3
"8/14/2024, 5:30:00 AM",5
"8/14/2024, 5:45:00 AM",7
"8/14/2024, 6:00:00 AM",6
"8/14/2024, 6:15:00 AM",0
"8/14/2024, 6:30:00 AM",4
"8/14/2024, 6:45:00 AM",10
"8/14/2024, 7:00:00 AM",7
"8/14/2024, 7:15:00 AM",1
"8/14/2024, 7:30:00 AM",5
"8/14/2024, 7:45:00 AM",1
"8/14/2024, 8:00:00 AM",10
"8/14/2024, 8:15:00 AM",2
"8/14/2024, 8:30:00 AM",4
"8/14/2024, 8:45:00 AM",8
"8/14/2024, 9:00:00 AM",8
"8/14/2024, 9:15:00 AM",4
"8/14/2024, 9:30:00 AM",6
"8/14/2024, 9:45:00 AM",0
"8/14/2024, 10:00:00 AM",4
"8/14/2024, 10:15:00 AM",4
"8/14/2024, 10:30:00 AM",8
"8/14/2024, 10:45:00 AM",4
"8/14/2024, 11:00:00 AM",7
"8/14/2024, 11:15:00 AM",0
"8/14/2024, 11:30:00 AM",1
"8/14/2024, 11:45:00 AM",18
"8/14/2024, 12:00:00 PM",112
"8/14/2024, 12:15:00 PM",112
"8/14/2024, 12:30:00 PM",13
"8/14/2024, 12:45:00 PM",117
"8/14/2024, 1:00:00 PM",13
"8/14/2024, 1:15:00 PM",104
"8/14/2024, 1:30:00 PM",68
"8/14/2024, 1:45:00 PM",199
"8/14/2024, 2:00:00 PM",159
"8/14/2024, 2:15:00 PM",31
"8/14/2024, 2:30:00 PM",91
"8/14/2024, 2:45:00 PM",23
"8/14/2024, 3:00:00 PM",18
"8/14/2024, 3:15:00 PM",24
"8/14/2024, 3:30:00 PM",145
"8/14/2024, 3:45:00 PM",44
"8/14/2024, 4:00:00 PM",105
"8/14/2024, 4:15:00 PM",42
"8/14/2024, 4:30:00 PM",112
"8/14/2024, 4:45:00 PM",16
"8/14/2024, 5:00:00 PM",36
"8/14/2024, 5:15:00 PM",167
"8/14/2024, 5:30:00 PM",10
"8/14/2024, 5:45:00 PM",63
"8/14/2024, 6:00:00 PM",130
"8/14/2024, 6:15:00 PM",71
"8/14/2024, 6:30:00 PM",15
"8/14/2024, 6:45:00 PM",180
"8/14/2024, 7:00:00 PM",164
"8/14/2024, 7:15:00 PM",75
"8/14/2024, 7:30:00 PM",165
"8/14/2024, 7:45:00 PM",89
"8/14/2024, 8:00:00 PM",168
"8/14/2024, 8:15:00 PM",190
"8/14/2024, 8:30:00 PM",167
"8/14/2024, 8:45:00 PM",129
"8/14/2024, 9:00:00 PM",175
"8/14/2024, 9:15:00 PM",111
"8/14/2024, 9:30:00 PM",32
"8/14/2024, 9:45:00 PM",104
"8/14/2024, 10:00:00 PM",187
"8/14/2024, 10:15:00 PM",183
"8/14/2024, 10:30:00 PM",31
"8/14/2024, 10:45:00 PM",105
"8/14/2024, 11:00:00 PM",130
"8/14/2024, 11:15:00 PM",157
"8/14/2024, 11:30:00 PM",175
"8/14/2024, 11:45:00 PM",5
"8/15/2024, 12:00:00 AM",10
"8/15/2024, 12:15:00 AM",4
"8/15/2024, 12:30:00 AM",9
"8/15/2024, 12:45:00 AM",7
"8/15/2024, 1:00:00 AM",8
"8/15/2024, 1:15:00 AM",10
"8/15/2024, 1:30:00 AM",5
"8/15/2024, 1:45:00 AM",0
"8/15/2024, 2:00:00 AM",6
"8/15/2024, 2:15:00 AM",2
"8/15/2024, 2:30:00 AM",8
"8/15/2024, 2:45:00 AM",6
"8/15/2024, 3:00:00 AM",9
"8/15/2024, 3:15:00 AM",0
"8/15/2024, 3:30:00 AM",3
"8/15/2024, 3:45:00 AM",6
"8/15/2024, 4:00:00 AM",6
"8/15/2024, 4:15:00 AM",10
"8/15/2024, 4:30:00 AM",7
"8/15/2024, 4:45:00 AM",4
"8/15/2024, 5:00:00 AM",7
"8/15/2024, 5:15:00 AM",9
"8/15/2024, 5:30:00 AM",3
"8/15/2024, 5:45:00 AM",9
"8/15/2024, 6:00:00 AM",4
"8/15/2024, 6:15:00 AM",6
"8/15/2024, 6:30:00 AM",6
"8/15/2024, 6:45:00 AM",2
"8/15/2024, 7:00:00 AM",8
"8/15/2024, 7:15:00 AM",8
"8/15/2024, 7:30:00 AM",7
"8/15/2024, 7:45:00 AM",4
"8/15/2024, 8:00:00 AM",5
"8/15/2024, 8:15:00 AM",1
"8/15/2024, 8:30:00 AM",4
"8/15/2024, 8:45:00 AM",9
"8/15/2024, 9:00:00 AM",8
"8/15/2024, 9:15:00 AM",9
"8/15/2024, 9:30:00 AM",5
"8/15/2024, 9:45:00 AM",1
"8/15/2024, 10:00:00 AM",8
"8/15/2024, 10:15:00 AM",8
"8/15/2024, 10:30:00 AM",4
"8/15/2024, 10:45:00 AM",9
"8/15/2024, 11:00:00 AM",3
"8/15/2024, 11:15:00 AM",9
"8/15/2024, 11:30:00 AM",10
"8/15/2024, 11:45:00 AM",86
"8/15/2024, 12:00:00 PM",21
"8/15/2024, 12:15:00 PM",126
"8/15/2024, 12:30:00 PM",172
"8/15/2024, 12:45:00 PM",144
"8/15/2024, 1:00:00 PM",154
"8/15/2024, 1:15:00 PM",43
"8/15/2024, 1:30:00 PM",130
"8/15/2024, 1:45:00 PM",94
"8/15/2024, 2:00:00 PM",86
"8/15/2024, 2:15:00 PM",83
"8/15/2024, 2:30:00 PM",190
"8/15/2024, 2:45:00 PM",36
"8/15/2024, 3:00:00 PM",32
"8/15/2024, 3:15:00 PM",5
"8/15/2024, 3:30:00 PM",160
"8/15/2024, 3:45:00 PM",99
"8/15/2024, 4:00:00 PM",168
"8/15/2024, 4:15:00 PM",96
"8/15/2024, 4:30:00 PM",53
"8/15/2024, 4:45:00 PM",197
"8/15/2024, 5:00:00 PM",160
"8/15/2024, 5:15:00 PM",161
"8/15/2024, 5:30:00 PM",74
"8/15/2024, 5:45:00 PM",143
"8/15/2024, 6:00:00 PM",198
"8/15/2024, 6:15:00 PM",171
"8/15/2024, 6:30:00 PM",1
"8/15/2024, 6:45:00 PM",28
"8/15/2024, 7:00:00 PM",169
"8/15/2024, 7:15:00 PM",53
"8/15/2024, 7:30:00 PM",99
"8/15/2024, 7:45:00 PM",41
"8/15/2024, 8:00:00 PM",191
"8/15/2024, 8:15:00 PM",80
"8/15/2024, 8:30:00 PM",31
"8/15/2024, 8:45:00 PM",72
"8/15/2024, 9:00:00 PM",161
"8/15/2024, 9:15:00 PM",21
"8/15/2024, 9:30:00 PM",102
"8/15/2024, 9:45:00 PM",162
"8/15/2024, 10:00:00 PM",42
"8/15/2024, 10:15:00 PM",137
"8/15/2024, 10:30:00 PM",25
"8/15/2024, 10:45:00 PM",177
"8/15/2024, 11:00:00 PM",12
"8/15/2024, 11:15:00 PM",164
"8/15/2024, 11:30:00 PM",193
"8/15/2024, 11:45:00 PM",4
"8/16/2024, 12:00:00 AM",7
"8/16/2024, 12:15:00 AM",7
"8/16/2024, 12:30:00 AM",8
"8/16/2024, 12:45:00 AM",6
"8/16/2024, 1:00:00 AM",3
"8/16/2024, 1:15:00 AM",0
"8/16/2024, 1:30:00 AM",2
"8/16/2024, 1:45:00 AM",2
"8/16/2024, 2:00:00 AM",3
"8/16/2024, 2:15:00 AM",4
"8/16/2024, 2:30:00 AM",3
"8/16/2024, 2:45:00 AM",9
"8/16/2024, 3:00:00 AM",3
"8/16/2024, 3:15:00 AM",10
"8/16/2024, 3:30:00 AM",3
"8/16/2024, 3:45:00 AM",4
"8/16/2024, 4:00:00 AM",8
"8/16/2024, 4:15:00 AM",0
"8/16/2024, 4:30:00 AM",8
"8/16/2024, 4:45:00 AM",7
"8/16/2024, 5:00:00 AM",10
"8/16/2024, 5:15:00 AM",5
"8/16/2024, 5:30:00 AM",4
"8/16/2024, 5:45:00 AM",9
"8/16/2024, 6:00:00 AM",3
"8/16/2024, 6:15:00 AM",4
"8/16/2024, 6:30:00 AM",0
"8/16/2024, 6:45:00 AM",4
"8/16/2024, 7:00:00 AM",2
"8/16/2024, 7:15:00 AM",4
"8/16/2024, 7:30:00 AM",3
"8/16/2024, 7:45:00 AM",5
"8/16/2024, 8:00:00 AM",3
"8/16/2024, 8:15:00 AM",8
"8/16/2024, 8:30:00 AM",9
"8/16/2024, 8:45:00 AM",2
"8/16/2024, 9:00:00 AM",4
"8/16/2024, 9:15:00 AM",6
"8/16/2024, 9:30:00 AM",7
"8/16/2024, 9:45:00 AM",2
"8/16/2024, 10:00:00 AM",8
"8/16/2024, 10:15:00 AM",0
"8/16/2024, 10:30:00 AM",2
"8/16/2024, 10:45:00 AM",4
"8/16/2024, 11:00:00 AM",8
"8/16/2024, 11:15:00 AM",8
"8/16/2024, 11:30:00 AM",1
"8/16/2024, 11:45:00 AM",148
"8/16/2024, 12:00:00 PM",24
"8/16/2024, 12:15:00 PM",95
"8/16/2024, 12:30:00 PM",111
"8/16/2024, 12:45:00 PM",82
"8/16/2024, 1:00:00 PM",5
"8/16/2024, 1:15:00 PM",106
"8/16/2024, 1:30:00 PM",103
"8/16/2024, 1:45:00 PM",51
"8/16/2024, 2:00:00 PM",46
"8/16/2024, 2:15:00 PM",106
"8/16/2024, 2:30:00 PM",19
"8/16/2024, 2:45:00 PM",123
"8/16/2024, 3:00:00 PM",81
"8/16/2024, 3:15:00 PM",84
"8/16/2024, 3:30:00 PM",91
"8/16/2024, 3:45:00 PM",63
"8/16/2024, 4:00:00 PM",86
"8/16/2024, 4:15:00 PM",92
"8/16/2024, 4:30:00 PM",125
"8/16/2024, 4:45:00 PM",150
"8/16/2024, 5:00:00 PM",140
"8/16/2024, 5:15:00 PM",69
"8/16/2024, 5:30:00 PM",145
"8/16/2024, 5:45:00 PM",82
"8/16/2024, 6:00:00 PM",173
"8/16/2024, 6:15:00 PM",193
"8/16/2024, 6:30:00 PM",66
"8/16/2024, 6:45:00 PM",59
"8/16/2024, 7:00:00 PM",37
"8/16/2024, 7:15:00 PM",46
"8/16/2024, 7:30:00 PM",135
"8/16/2024, 7:45:00 PM",122
"8/16/2024, 8:00:00 PM",174
"8/16/2024, 8:15:00 PM",152
"8/16/2024, 8:30:00 PM",54
"8/16/2024, 8:45:00 PM",38
"8/16/2024, 9:00:00 PM",183
"8/16/2024, 9:15:00 PM",72
"8/16/2024, 9:30:00 PM",17
"8/16/2024, 9:45:00 PM",170
"8/16/2024, 10:00:00 PM",102
"8/16/2024, 10:15:00 PM",14
"8/16/2024, 10:30:00 PM",70
"8/16/2024, 10:45:00 PM",2
"8/16/2024, 11:00:00 PM",169
"8/16/2024, 11:15:00 PM",108
"8/16/2024, 11:30:00 PM",74
"8/16/2024, 11:45:00 PM",5
"8/17/2024, 12:00:00 AM",2
"8/17/2024, 12:15:00 AM",1
"8/17/2024, 12:30:00 AM",0
"8/17/2024, 12:45:00 AM",1
"8/17/2024, 1:00:00 AM",7
"8/17/2024, 1:15:00 AM",3
"8/17/2024, 1:30:00 AM",3
"8/17/2024, 1:45:00 AM",5
"8/17/2024, 2:00:00 AM",8
"8/17/2024, 2:15:00 AM",3
"8/17/2024, 2:30:00 AM",6
"8/17/2024, 2:45:00 AM",4
"8/17/2024, 3:00:00 AM",8
"8/17/2024, 3:15:00 AM",2
"8/17/2024, 3:30:00 AM",7
"8/17/2024, 3:45:00 AM",4
"8/17/2024, 4:00:00 AM",4
"8/17/2024, 4:15:00 AM",8
"8/17/2024, 4:30:00 AM",8
"8/17/2024, 4:45:00 AM",10
"8/17/2024, 5:00:00 AM",7
"8/17/2024, 5:15:00 AM",4
"8/17/2024, 5:30:00 AM",7
"8/17/2024, 5:45:00 AM",2
"8/17/2024, 6:00:00 AM",3
"8/17/2024, 6:15:00 AM",5
"8/17/2024, 6:30:00 AM",4
"8/17/2024, 6:45:00 AM",7
"8/17/2024, 7:00:00 AM",9
"8/17/2024, 7:15:00 AM",7
"8/17/2024, 7:30:00 AM",7
"8/17/2024, 7:45:00 AM",2
"8/17/2024, 8:00:00 AM",3
"8/17/2024, 8:15:00 AM",9
"8/17/2024, 8:30:00 AM",6
"8/17/2024, 8:45:00 AM",4
"8/17/2024, 9:00:00 AM",9
"8/17/2024, 9:15:00 AM",4
"8/17/2024, 9:30:00 AM",1
"8/17/2024, 9:45:00 AM",5
"8/17/2024, 10:00:00 AM",2
"8/17/2024, 10:15:00 AM",7
"8/17/2024, 10:30:00 AM",3
"8/17/2024, 10:45:00 AM",1
"8/17/2024, 11:00:00 AM",4
"8/17/2024, 11:15:00 AM",7
"8/17/2024, 11:30:00 AM",6
"8/17/2024, 11:45:00 AM",43
"8/17/2024, 12:00:00 PM",23
"8/17/2024, 12:15:00 PM",132
"8/17/2024, 12:30:00 PM",23
"8/17/2024, 12:45:00 PM",190
"8/17/2024, 1:00:00 PM",27
"8/17/2024, 1:15:00 PM",68
"8/17/2024, 1:30:00 PM",192
"8/17/2024, 1:45:00 PM",123
"8/17/2024, 2:00:00 PM",75
"8/17/2024, 2:15:00 PM",128
"8/17/2024, 2:30:00 PM",157
"8/17/2024, 2:45:00 PM",120
"8/17/2024, 3:00:00 PM",3
"8/17/2024, 3:15:00 PM",198
"8/17/2024, 3:30:00 PM",198
"8/17/2024, 3:45:00 PM",184
"8/17/2024, 4:00:00 PM",46
"8/17/2024, 4:15:00 PM",52
"8/17/2024, 4:30:00 PM",132
"8/17/2024, 4:45:00 PM",105
"8/17/2024, 5:00:00 PM",170
"8/17/2024, 5:15:00 PM",149
"8/17/2024, 5:30:00 PM",88
"8/17/2024, 5:45:00 PM",2
"8/17/2024, 6:00:00 PM",166
"8/17/2024, 6:15:00 PM",70
"8/17/2024, 6:30:00 PM",134
"8/17/2024, 6:45:00 PM",153
"8/17/2024, 7:00:00 PM",12
"8/17/2024, 7:15:00 PM",69
"8/17/2024, 7:30:00 PM",183
"8/17/2024, 7:45:00 PM",178
"8/17/2024, 8:00:00 PM",95
"8/17/2024, 8:15:00 PM",36
"8/17/2024, 8:30:00 PM",169
"8/17/2024, 8:45:00 PM",191
"8/17/2024, 9:00:00 PM",14
"8/17/2024, 9:15:00 PM",45
"8/17/2024, 9:30:00 PM",117
"8/17/2024, 9:45:00 PM",138
"8/17/2024, 10:00:00 PM",87
"8/17/2024, 10:15:00 PM",159
"8/17/2024, 10:30:00 PM",195
"8/17/2024, 10:45:00 PM",162
"8/17/2024, 11:00:00 PM",98
"8/17/2024, 11:15:00 PM",52
"8/17/2024, 11:30:00 PM",147
"8/17/2024, 11:45:00 PM",0
"8/18/2024, 12:00:00 AM",9
"8/18/2024, 12:15:00 AM",6
"8/18/2024, 12:30:00 AM",10
"8/18/2024, 12:45:00 AM",1
"8/18/2024, 1:00:00 AM",4
"8/18/2024, 1:15:00 AM",2
"8/18/2024, 1:30:00 AM",7
"8/18/2024, 1:45:00 AM",9
"8/18/2024, 2:00:00 AM",0
"8/18/2024, 2:15:00 AM",2
"8/18/2024, 2:30:00 AM",9
"8/18/2024, 2:45:00 AM",2
"8/18/2024, 3:00:00 AM",2
"8/18/2024, 3:15:00 AM",4
"8/18/2024, 3:30:00 AM",7
"8/18/2024, 3:45:00 AM",3
"8/18/2024, 4:00:00 AM",2
"8/18/2024, 4:15:00 AM",10
"8/18/2024, 4:30:00 AM",6
"8/18/2024, 4:45:00 AM",3
"8/18/2024, 5:00:00 AM",6
"8/18/2024, 5:15:00 AM",3
"8/18/2024, 5:30:00 AM",6
"8/18/2024, 5:45:00 AM",1
"8/18/2024, 6:00:00 AM",3
"8/18/2024, 6:15:00 AM",4
"8/18/2024, 6:30:00 AM",1
"8/18/2024, 6:45:00 AM",1
"8/18/2024, 7:00:00 AM",6
"8/18/2024, 7:15:00 AM",10
"8/18/2024, 7:30:00 AM",9
"8/18/2024, 7:45:00 AM",3
"8/18/2024, 8:00:00 AM",4
"8/18/2024, 8:15:00 AM",6
"8/18/2024, 8:30:00 AM",4
"8/18/2024, 8:45:00 AM",3
"8/18/2024, 9:00:00 AM",7
"8/18/2024, 9:15:00 AM",6
"8/18/2024, 9:30:00 AM",8
"8/18/2024, 9:45:00 AM",5
"8/18/2024, 10:00:00 AM",5
"8/18/2024, 10:15:00 AM",2
"8/18/2024, 10:30:00 AM",6
"8/18/2024, 10:45:00 AM",8
"8/18/2024, 11:00:00 AM",3
"8/18/2024, 11:15:00 AM",2
"8/18/2024, 11:30:00 AM",5
"8/18/2024, 11:45:00 AM",6
"8/18/2024, 12:00:00 PM",24
"8/18/2024, 12:15:00 PM",3
"8/18/2024, 12:30:00 PM",144
"8/18/2024, 12:45:00 PM",28
"8/18/2024, 1:00:00 PM",173
"8/18/2024, 1:15:00 PM",60
"8/18/2024, 1:30:00 PM",175
"8/18/2024, 1:45:00 PM",178
"8/18/2024, 2:00:00 PM",103
"8/18/2024, 2:15:00 PM",103
"8/18/2024, 2:30:00 PM",175
"8/18/2024, 2:45:00 PM",26
"8/18/2024, 3:00:00 PM",118
"8/18/2024, 3:15:00 PM",64
"8/18/2024, 3:30:00 PM",138
"8/18/2024, 3:45:00 PM",186
"8/18/2024, 4:00:00 PM",106
"8/18/2024, 4:15:00 PM",58
"8/18/2024, 4:30:00 PM",196
"8/18/2024, 4:45:00 PM",4
"8/18/2024, 5:00:00 PM",56
"8/18/2024, 5:15:00 PM",37
"8/18/2024, 5:30:00 PM",140
"8/18/2024, 5:45:00 PM",113
"8/18/2024, 6:00:00 PM",165
"8/18/2024, 6:15:00 PM",117
"8/18/2024, 6:30:00 PM",73
"8/18/2024, 6:45:00 PM",183
"8/18/2024, 7:00:00 PM",99
"8/18/2024, 7:15:00 PM",156
"8/18/2024, 7:30:00 PM",135
"8/18/2024, 7:45:00 PM",188
"8/18/2024, 8:00:00 PM",115
"8/18/2024, 8:15:00 PM",142
"8/18/2024, 8:30:00 PM",166
"8/18/2024, 8:45:00 PM",158
"8/18/2024, 9:00:00 PM",43
"8/18/2024, 9:15:00 PM",98
"8/18/2024, 9:30:00 PM",105
"8/18/2024, 9:45:00 PM",200
"8/18/2024, 10:00:00 PM",139
"8/18/2024, 10:15:00 PM",118
"8/18/2024, 10:30:00 PM",103
"8/18/2024, 10:45:00 PM",146
"8/18/2024, 11:00:00 PM",71
"8/18/2024, 11:15:00 PM",99
"8/18/2024, 11:30:00 PM",10
"8/18/2024, 11:45:00 PM",5
"8/19/2024, 12:00:00 AM",3
"8/19/2024, 12:15:00 AM",4
"8/19/2024, 12:30:00 AM",0
"8/19/2024, 12:45:00 AM",0
"8/19/2024, 1:00:00 AM",4
"8/19/2024, 1:15:00 AM",1
"8/19/2024, 1:30:00 AM",1
"8/19/2024, 1:45:00 AM",8
"8/19/2024, 2:00:00 AM",8
"8/19/2024, 2:15:00 AM",8
"8/19/2024, 2:30:00 AM",10
"8/19/2024, 2:45:00 AM",2
"8/19/2024, 3:00:00 AM",9
"8/19/2024, 3:15:00 AM",5
"8/19/2024, 3:30:00 AM",8
"8/19/2024, 3:45:00 AM",3
"8/19/2024, 4:00:00 AM",6
"8/19/2024, 4:15:00 AM",8
"8/19/2024, 4:30:00 AM",7
"8/19/2024, 4:45:00 AM",8
"8/19/2024, 5:00:00 AM",1
"8/19/2024, 5:15:00 AM",6
"8/19/2024, 5:30:00 AM",3
"8/19/2024, 5:45:00 AM",2
"8/19/2024, 6:00:00 AM",2
"8/19/2024, 6:15:00 AM",4
"8/19/2024, 6:30:00 AM",1
"8/19/2024, 6:45:00 AM",2
"8/19/2024, 7:00:00 AM",3
"8/19/2024, 7:15:00 AM",1
"8/19/2024, 7:30:00 AM",1
"8/19/2024, 7:45:00 AM",0
"8/19/2024, 8:00:00 AM",2
"8/19/2024, 8:15:00 AM",7
"8/19/2024, 8:30:00 AM",5
"8/19/2024, 8:45:00 AM",5
"8/19/2024, 9:00:00 AM",8
"8/19/2024, 9:15:00 AM",4
"8/19/2024, 9:30:00 AM",3
"8/19/2024, 9:45:00 AM",4
"8/19/2024, 10:00:00 AM",6
"8/19/2024, 10:15:00 AM",10
"8/19/2024, 10:30:00 AM",10
"8/19/2024, 10:45:00 AM",3
"8/19/2024, 11:00:00 AM",1
"8/19/2024, 11:15:00 AM",6
"8/19/2024, 11:30:00 AM",51
"8/19/2024, 11:45:00 AM",70
"8/19/2024, 12:00:00 PM",73
"8/19/2024, 12:15:00 PM",19
"8/19/2024, 12:30:00 PM",50
"8/19/2024, 12:45:00 PM",191
"8/19/2024, 1:00:00 PM",41
"8/19/2024, 1:15:00 PM",83
"8/19/2024, 1:30:00 PM",199
"8/19/2024, 1:45:00 PM",9
"8/19/2024, 2:00:00 PM",34
"8/19/2024, 2:15:00 PM",85
"8/19/2024, 2:30:00 PM",4
"8/19/2024, 2:45:00 PM",6
"8/19/2024, 3:00:00 PM",147
"8/19/2024, 3:15:00 PM",188
"8/19/2024, 3:30:00 PM",155
"8/19/2024, 3:45:00 PM",133
"8/19/2024, 4:00:00 PM",119
"8/19/2024, 4:15:00 PM",177
"8/19/2024, 4:30:00 PM",178
"8/19/2024, 4:45:00 PM",81
"8/19/2024, 5:00:00 PM",56
"8/19/2024, 5:15:00 PM",168
"8/19/2024, 5:30:00 PM",4
"8/19/2024, 5:45:00 PM",179
"8/19/2024, 6:00:00 PM",153
"8/19/2024, 6:15:00 PM",177
"8/19/2024, 6:30:00 PM",5
"8/19/2024, 6:45:00 PM",98
"8/19/2024, 7:00:00 PM",154
"8/19/2024, 7:15:00 PM",39
"8/19/2024, 7:30:00 PM",90
"8/19/2024, 7:45:00 PM",193
"8/19/2024, 8:00:00 PM",96
"8/19/2024, 8:15:00 PM",154
"8/19/2024, 8:30:00 PM",144
"8/19/2024, 8:45:00 PM",52
"8/19/2024, 9:00:00 PM",160
"8/19/2024, 9:15:00 PM",145
"8/19/2024, 9:30:00 PM",61
"8/19/2024, 9:45:00 PM",7
"8/19/2024, 10:00:00 PM",94
"8/19/2024, 10:15:00 PM",110
"8/19/2024, 10:30:00 PM",118
"8/19/2024, 10:45:00 PM",128
"8/19/2024, 11:00:00 PM",105
"8/19/2024, 11:15:00 PM",102
"8/19/2024, 11:30:00 PM",5
"8/19/2024, 11:45:00 PM",8
"8/20/2024, 12:00:00 AM",6
"8/20/2024, 12:15:00 AM",5
"8/20/2024, 12:30:00 AM",3
"8/20/2024, 12:45:00 AM",4
"8/20/2024, 1:00:00 AM",9
"8/20/2024, 1:15:00 AM",3
"8/20/2024, 1:30:00 AM",4
"8/20/2024, 1:45:00 AM",2
"8/20/2024, 2:00:00 AM",5
"8/20/2024, 2:15:00 AM",6
"8/20/2024, 2:30:00 AM",2
"8/20/2024, 2:45:00 AM",8
"8/20/2024, 3:00:00 AM",5
"8/20/2024, 3:15:00 AM",4
"8/20/2024, 3:30:00 AM",3
"8/20/2024, 3:45:00 AM",5
"8/20/2024, 4:00:00 AM",1
"8/20/2024, 4:15:00 AM",7
"8/20/2024, 4:30:00 AM",5
"8/20/2024, 4:45:00 AM",3
"8/20/2024, 5:00:00 AM",5
"8/20/2024, 5:15:00 AM",6
"8/20/2024, 5:30:00 AM",7
"8/20/2024, 5:45:00 AM",2
"8/20/2024, 6:00:00 AM",4
"8/20/2024, 6:15:00 AM",3
"8/20/2024, 6:30:00 AM",6
"8/20/2024, 6:45:00 AM",1
"8/20/2024, 7:00:00 AM",7
"8/20/2024, 7:15:00 AM",3
"8/20/2024, 7:30:00 AM",6
"8/20/2024, 7:45:00 AM",2
"8/20/2024, 8:00:00 AM",6
"8/20/2024, 8:15:00 AM",9
"8/20/2024, 8:30:00 AM",6
"8/20/2024, 8:45:00 AM",7
"8/20/2024, 9:00:00 AM",8
"8/20/2024, 9:15:00 AM",4
"8/20/2024, 9:30:00 AM",5
"8/20/2024, 9:45:00 AM",2
"8/20/2024, 10:00:00 AM",3
"8/20/2024, 10:15:00 AM",6
"8/20/2024, 10:30:00 AM",4
"8/20/2024, 10:45:00 AM",8
"8/20/2024, 11:00:00 AM",5
"8/20/2024, 11:15:00 AM",394
"8/20/2024, 11:30:00 AM",265
"8/20/2024, 11:45:00 AM",300
"8/20/2024, 12:00:00 PM",235
"8/20/2024, 12:15:00 PM",123
"8/20/2024, 12:30:00 PM",39
"8/20/2024, 12:45:00 PM",271
"8/20/2024, 1:00:00 PM",222
"8/20/2024, 1:15:00 PM",324
"8/20/2024, 1:30:00 PM",154
"8/20/2024, 1:45:00 PM",124
"8/20/2024, 2:00:00 PM",39
"8/20/2024, 2:15:00 PM",71
"8/20/2024, 2:30:00 PM",191
"8/20/2024, 2:45:00 PM",211
"8/20/2024, 3:00:00 PM",204
"8/20/2024, 3:15:00 PM",54
"8/20/2024, 3:30:00 PM",67
"8/20/2024, 3:45:00 PM",171
"8/20/2024, 4:00:00 PM",270
"8/20/2024, 4:15:00 PM",249
"8/20/2024, 4:30:00 PM",391
"8/20/2024, 4:45:00 PM",239
"8/20/2024, 5:00:00 PM",129
"8/20/2024, 5:15:00 PM",79
"8/20/2024, 5:30:00 PM",336
"8/20/2024, 5:45:00 PM",259
"8/20/2024, 6:00:00 PM",137
"8/20/2024, 6:15:00 PM",384
"8/20/2024, 6:30:00 PM",61
"8/20/2024, 6:45:00 PM",327
"8/20/2024, 7:00:00 PM",179
"8/20/2024, 7:15:00 PM",247
"8/20/2024, 7:30:00 PM",360
"8/20/2024, 7:45:00 PM",385
"8/20/2024, 8:00:00 PM",275
"8/20/2024, 8:15:00 PM",269
"8/20/2024, 8:30:00 PM",45
"8/20/2024, 8:45:00 PM",350
"8/20/2024, 9:00:00 PM",198
"8/20/2024, 9:15:00 PM",322
"8/20/2024, 9:30:00 PM",314
"8/20/2024, 9:45:00 PM",274
"8/20/2024, 10:00:00 PM",383
"8/20/2024, 10:15:00 PM",315
"8/20/2024, 10:30:00 PM",375
"8/20/2024, 10:45:00 PM",107
"8/20/2024, 11:00:00 PM",18
"8/20/2024, 11:15:00 PM",12
"8/20/2024, 11:30:00 PM",2
"8/20/2024, 11:45:00 PM",10
"8/21/2024, 12:00:00 AM",18
"8/21/2024, 12:15:00 AM",15
"8/21/2024, 12:30:00 AM",20
"8/21/2024, 12:45:00 AM",16
"8/21/2024, 1:00:00 AM",19
"8/21/2024, 1:15:00 AM",5
"8/21/2024, 1:30:00 AM",8
"8/21/2024, 1:45:00 AM",20
"8/21/2024, 2:00:00 AM",3
"8/21/2024, 2:15:00 AM",19
"8/21/2024, 2:30:00 AM",12
"8/21/2024, 2:45:00 AM",13
"8/21/2024, 3:00:00 AM",4
"8/21/2024, 3:15:00 AM",3
"8/21/2024, 3:30:00 AM",19
"8/21/2024, 3:45:00 AM",13
"8/21/2024, 4:00:00 AM",5
"8/21/2024, 4:15:00 AM",14
"8/21/2024, 4:30:00 AM",20
"8/21/2024, 4:45:00 AM",3
"8/21/2024, 5:00:00 AM",2
"8/21/2024, 5:15:00 AM",19
"8/21/2024, 5:30:00 AM",19
"8/21/2024, 5:45:00 AM",7
"8/21/2024, 6:00:00 AM",6
"8/21/2024, 6:15:00 AM",2
"8/21/2024, 6:30:00 AM",19
"8/21/2024, 6:45:00 AM",2
"8/21/2024, 7:00:00 AM",14
"8/21/2024, 7:15:00 AM",15
"8/21/2024, 7:30:00 AM",19
"8/21/2024, 7:45:00 AM",10
"8/21/2024, 8:00:00 AM",3
"8/21/2024, 8:15:00 AM",7
"8/21/2024, 8:30:00 AM",11
"8/21/2024, 8:45:00 AM",5
"8/21/2024, 9:00:00 AM",20
"8/21/2024, 9:15:00 AM",0
"8/21/2024, 9:30:00 AM",1
"8/21/2024, 9:45:00 AM",7
"8/21/2024, 10:00:00 AM",1
"8/21/2024, 10:15:00 AM",4
"8/21/2024, 10:30:00 AM",368
"8/21/2024, 10:45:00 AM",277
"8/21/2024, 11:00:00 AM",10
"8/21/2024, 11:15:00 AM",382
"8/21/2024, 11:30:00 AM",197
"8/21/2024, 11:45:00 AM",90
"8/21/2024, 12:00:00 PM",314
"8/21/2024, 12:15:00 PM",95
"8/21/2024, 12:30:00 PM",377
"8/21/2024, 12:45:00 PM",5
"8/21/2024, 1:00:00 PM",243
"8/21/2024, 1:15:00 PM",141
"8/21/2024, 1:30:00 PM",1
"8/21/2024, 1:45:00 PM",105
"8/21/2024, 2:00:00 PM",21
"8/21/2024, 2:15:00 PM",76
"8/21/2024, 2:30:00 PM",386
"8/21/2024, 2:45:00 PM",223
"8/21/2024, 3:00:00 PM",50
"8/21/2024, 3:15:00 PM",141
"8/21/2024, 3:30:00 PM",216
"8/21/2024, 3:45:00 PM",363
"8/21/2024, 4:00:00 PM",390
"8/21/2024, 4:15:00 PM",279
"8/21/2024, 4:30:00 PM",394
"8/21/2024, 4:45:00 PM",393
"8/21/2024, 5:00:00 PM",275
"8/21/2024, 5:15:00 PM",124
"8/21/2024, 5:30:00 PM",238
"8/21/2024, 5:45:00 PM",186
"8/21/2024, 6:00:00 PM",233
"8/21/2024, 6:15:00 PM",58
"8/21/2024, 6:30:00 PM",209
"8/21/2024, 6:45:00 PM",245
"8/21/2024, 7:00:00 PM",55
"8/21/2024, 7:15:00 PM",69
"8/21/2024, 7:30:00 PM",148
"8/21/2024, 7:45:00 PM",48
"8/21/2024, 8:00:00 PM",44
"8/21/2024, 8:15:00 PM",106
"8/21/2024, 8:30:00 PM",206
"8/21/2024, 8:45:00 PM",10
"8/21/2024, 9:00:00 PM",112
"8/21/2024, 9:15:00 PM",37
"8/21/2024, 9:30:00 PM",363
"8/21/2024, 9:45:00 PM",319
"8/21/2024, 10:00:00 PM",386
"8/21/2024, 10:15:00 PM",6
"8/21/2024, 10:30:00 PM",7
"8/21/2024, 10:45:00 PM",8
"8/21/2024, 11:00:00 PM",5
"8/21/2024, 11:15:00 PM",10
"8/21/2024, 11:30:00 PM",7
"8/21/2024, 11:45:00 PM",15
"8/22/2024, 12:00:00 AM",0
"8/22/2024, 12:15:00 AM",10
"8/22/2024, 12:30:00 AM",18
"8/22/2024, 12:45:00 AM",20
"8/22/2024, 1:00:00 AM",8
"8/22/2024, 1:15:00 AM",7
"8/22/2024, 1:30:00 AM",10
"8/22/2024, 1:45:00 AM",16
"8/22/2024, 2:00:00 AM",8
"8/22/2024, 2:15:00 AM",0
"8/22/2024, 2:30:00 AM",3
"8/22/2024, 2:45:00 AM",4
"8/22/2024, 3:00:00 AM",13
"8/22/2024, 3:15:00 AM",7
"8/22/2024, 3:30:00 AM",1
"8/22/2024, 3:45:00 AM",6
"8/22/2024, 4:00:00 AM",8
"8/22/2024, 4:15:00 AM",14
"8/22/2024, 4:30:00 AM",5
"8/22/2024, 4:45:00 AM",15
"8/22/2024, 5:00:00 AM",2
"8/22/2024, 5:15:00 AM",14
"8/22/2024, 5:30:00 AM",6
"8/22/2024, 5:45:00 AM",9
"8/22/2024, 6:00:00 AM",15
"8/22/2024, 6:15:00 AM",10
"8/22/2024, 6:30:00 AM",11
"8/22/2024, 6:45:00 AM",6
"8/22/2024, 7:00:00 AM",8
"8/22/2024, 7:15:00 AM",14
"8/22/2024, 7:30:00 AM",7
"8/22/2024, 7:45:00 AM",12
"8/22/2024, 8:00:00 AM",4
"8/22/2024, 8:15:00 AM",1
"8/22/2024, 8:30:00 AM",11
"8/22/2024, 8:45:00 AM",10
"8/22/2024, 9:00:00 AM",17
"8/22/2024, 9:15:00 AM",18
"8/22/2024, 9:30:00 AM",15
"8/22/2024, 9:45:00 AM",41
"8/22/2024, 10:00:00 AM",233
"8/22/2024, 10:15:00 AM",173
"8/22/2024, 10:30:00 AM",394
"8/22/2024, 10:45:00 AM",286
"8/22/2024, 11:00:00 AM",178
"8/22/2024, 11:15:00 AM",126
"8/22/2024, 11:30:00 AM",213
"8/22/2024, 11:45:00 AM",326
"8/22/2024, 12:00:00 PM",230
"8/22/2024, 12:15:00 PM",263
"8/22/2024, 12:30:00 PM",183
"8/22/2024, 12:45:00 PM",285
"8/22/2024, 1:00:00 PM",237
"8/22/2024, 1:15:00 PM",151
"8/22/2024, 1:30:00 PM",17
"8/22/2024, 1:45:00 PM",99
"8/22/2024, 2:00:00 PM",102
"8/22/2024, 2:15:00 PM",32
"8/22/2024, 2:30:00 PM",33
"8/22/2024, 2:45:00 PM",6
"8/22/2024, 3:00:00 PM",42
"8/22/2024, 3:15:00 PM",102
"8/22/2024, 3:30:00 PM",235
"8/22/2024, 3:45:00 PM",203
"8/22/2024, 4:00:00 PM",98
"8/22/2024, 4:15:00 PM",110
"8/22/2024, 4:30:00 PM",129
"8/22/2024, 4:45:00 PM",348
"8/22/2024, 5:00:00 PM",297
"8/22/2024, 5:15:00 PM",123
"8/22/2024, 5:30:00 PM",48
"8/22/2024, 5:45:00 PM",266
"8/22/2024, 6:00:00 PM",5
"8/22/2024, 6:15:00 PM",311
"8/22/2024, 6:30:00 PM",258
"8/22/2024, 6:45:00 PM",228
"8/22/2024, 7:00:00 PM",250
"8/22/2024, 7:15:00 PM",173
"8/22/2024, 7:30:00 PM",392
"8/22/2024, 7:45:00 PM",214
"8/22/2024, 8:00:00 PM",382
"8/22/2024, 8:15:00 PM",211
"8/22/2024, 8:30:00 PM",165
"8/22/2024, 8:45:00 PM",203
"8/22/2024, 9:00:00 PM",62
"8/22/2024, 9:15:00 PM",100
"8/22/2024, 9:30:00 PM",14
"8/22/2024, 9:45:00 PM",10
"8/22/2024, 10:00:00 PM",16
"8/22/2024, 10:15:00 PM",7
"8/22/2024, 10:30:00 PM",3
"8/22/2024, 10:45:00 PM",8
"8/22/2024, 11:00:00 PM",10
"8/22/2024, 11:15:00 PM",3
"8/22/2024, 11:30:00 PM",4
"8/22/2024, 11:45:00 PM",9
"8/23/2024, 12:00:00 AM",0
"8/23/2024, 12:15:00 AM",6
"8/23/2024, 12:30:00 AM",7
"8/23/2024, 12:45:00 AM",17
"8/23/2024, 1:00:00 AM",12
"8/23/2024, 1:15:00 AM",6
"8/23/2024, 1:30:00 AM",14
"8/23/2024, 1:45:00 AM",17
"8/23/2024, 2:00:00 AM",14
"8/23/2024, 2:15:00 AM",17
"8/23/2024, 2:30:00 AM",3
"8/23/2024, 2:45:00 AM",17
"8/23/2024, 3:00:00 AM",3
"8/23/2024, 3:15:00 AM",19
"8/23/2024, 3:30:00 AM",3
"8/23/2024, 3:45:00 AM",2
"8/23/2024, 4:00:00 AM",14
"8/23/2024, 4:15:00 AM",7
"8/23/2024, 4:30:00 AM",11
"8/23/2024, 4:45:00 AM",12
"8/23/2024, 5:00:00 AM",5
"8/23/2024, 5:15:00 AM",1
"8/23/2024, 5:30:00 AM",16
"8/23/2024, 5:45:00 AM",15
"8/23/2024, 6:00:00 AM",16
"8/23/2024, 6:15:00 AM",5
"8/23/2024, 6:30:00 AM",15
"8/23/2024, 6:45:00 AM",2
"8/23/2024, 7:00:00 AM",1
"8/23/2024, 7:15:00 AM",7
"8/23/2024, 7:30:00 AM",13
"8/23/2024, 7:45:00 AM",9
"8/23/2024, 8:00:00 AM",18
"8/23/2024, 8:15:00 AM",7
"8/23/2024, 8:30:00 AM",7
"8/23/2024, 8:45:00 AM",5
"8/23/2024, 9:00:00 AM",112
"8/23/2024, 9:15:00 AM",338
"8/23/2024, 9:30:00 AM",79
"8/23/2024, 9:45:00 AM",229
"8/23/2024, 10:00:00 AM",95
"8/23/2024, 10:15:00 AM",96
"8/23/2024, 10:30:00 AM",137
"8/23/2024, 10:45:00 AM",125
"8/23/2024, 11:00:00 AM",21
"8/23/2024, 11:15:00 AM",217
"8/23/2024, 11:30:00 AM",203
"8/23/2024, 11:45:00 AM",388
"8/23/2024, 12:00:00 PM",223
"8/23/2024, 12:15:00 PM",130
"8/23/2024, 12:30:00 PM",263
"8/23/2024, 12:45:00 PM",393
"8/23/2024, 1:00:00 PM",197
"8/23/2024, 1:15:00 PM",201
"8/23/2024, 1:30:00 PM",62
"8/23/2024, 1:45:00 PM",356
"8/23/2024, 2:00:00 PM",369
"8/23/2024, 2:15:00 PM",16
"8/23/2024, 2:30:00 PM",205
"8/23/2024, 2:45:00 PM",369
"8/23/2024, 3:00:00 PM",322
"8/23/2024, 3:15:00 PM",241
"8/23/2024, 3:30:00 PM",48
"8/23/2024, 3:45:00 PM",367
"8/23/2024, 4:00:00 PM",179
"8/23/2024, 4:15:00 PM",301
"8/23/2024, 4:30:00 PM",43
"8/23/2024, 4:45:00 PM",160
"8/23/2024, 5:00:00 PM",310
"8/23/2024, 5:15:00 PM",86
"8/23/2024, 5:30:00 PM",217
"8/23/2024, 5:45:00 PM",199
"8/23/2024, 6:00:00 PM",185
"8/23/2024, 6:15:00 PM",264
"8/23/2024, 6:30:00 PM",86
"8/23/2024, 6:45:00 PM",335
"8/23/2024, 7:00:00 PM",287
"8/23/2024, 7:15:00 PM",7
"8/23/2024, 7:30:00 PM",49
"8/23/2024, 7:45:00 PM",166
"8/23/2024, 8:00:00 PM",85
"8/23/2024, 8:15:00 PM",224
"8/23/2024, 8:30:00 PM",245
"8/23/2024, 8:45:00 PM",1
"8/23/2024, 9:00:00 PM",5
"8/23/2024, 9:15:00 PM",12
"8/23/2024, 9:30:00 PM",6
"8/23/2024, 9:45:00 PM",6
"8/23/2024, 10:00:00 PM",12
"8/23/2024, 10:15:00 PM",2
"8/23/2024, 10:30:00 PM",2
"8/23/2024, 10:45:00 PM",5
"8/23/2024, 11:00:00 PM",20
"8/23/2024, 11:15:00 PM",8
"8/23/2024, 11:30:00 PM",5
"8/23/2024, 11:45:00 PM",13
"8/24/2024, 12:00:00 AM",8
"8/24/2024, 12:15:00 AM",5
"8/24/2024, 12:30:00 AM",1
"8/24/2024, 12:45:00 AM",9
"8/24/2024, 1:00:00 AM",16
"8/24/2024, 1:15:00 AM",13
"8/24/2024, 1:30:00 AM",20
"8/24/2024, 1:45:00 AM",8
"8/24/2024, 2:00:00 AM",3
"8/24/2024, 2:15:00 AM",0
"8/24/2024, 2:30:00 AM",0
"8/24/2024, 2:45:00 AM",3
"8/24/2024, 3:00:00 AM",4
"8/24/2024, 3:15:00 AM",11
"8/24/2024, 3:30:00 AM",6
"8/24/2024, 3:45:00 AM",0
"8/24/2024, 4:00:00 AM",8
"8/24/2024, 4:15:00 AM",13
"8/24/2024, 4:30:00 AM",5
"8/24/2024, 4:45:00 AM",11
"8/24/2024, 5:00:00 AM",1
"8/24/2024, 5:15:00 AM",19
"8/24/2024, 5:30:00 AM",4
"8/24/2024, 5:45:00 AM",10
"8/24/2024, 6:00:00 AM",8
"8/24/2024, 6:15:00 AM",1
"8/24/2024, 6:30:00 AM",10
"8/24/2024, 6:45:00 AM",15
"8/24/2024, 7:00:00 AM",0
"8/24/2024, 7:15:00 AM",10
"8/24/2024, 7:30:00 AM",11
"8/24/2024, 7:45:00 AM",3
"8/24/2024, 8:00:00 AM",20
"8/24/2024, 8:15:00 AM",312
"8/24/2024, 8:30:00 AM",291
"8/24/2024, 8:45:00 AM",218
"8/24/2024, 9:00:00 AM",179
"8/24/2024, 9:15:00 AM",396
"8/24/2024, 9:30:00 AM",257
"8/24/2024, 9:45:00 AM",380
"8/24/2024, 10:00:00 AM",260
"8/24/2024, 10:15:00 AM",53
"8/24/2024, 10:30:00 AM",221
"8/24/2024, 10:45:00 AM",390
"8/24/2024, 11:00:00 AM",304
"8/24/2024, 11:15:00 AM",194
"8/24/2024, 11:30:00 AM",398
"8/24/2024, 11:45:00 AM",283
"8/24/2024, 12:00:00 PM",79
"8/24/2024, 12:15:00 PM",33
"8/24/2024, 12:30:00 PM",71
"8/24/2024, 12:45:00 PM",372
"8/24/2024, 1:00:00 PM",189
"8/24/2024, 1:15:00 PM",387
"8/24/2024, 1:30:00 PM",183
"8/24/2024, 1:45:00 PM",5
"8/24/2024, 2:00:00 PM",165
"8/24/2024, 2:15:00 PM",252
"8/24/2024, 2:30:00 PM",376
"8/24/2024, 2:45:00 PM",365
"8/24/2024, 3:00:00 PM",364
"8/24/2024, 3:15:00 PM",116
"8/24/2024, 3:30:00 PM",55
"8/24/2024, 3:45:00 PM",133
"8/24/2024, 4:00:00 PM",8
"8/24/2024, 4:15:00 PM",216
"8/24/2024, 4:30:00 PM",320
"8/24/2024, 4:45:00 PM",277
"8/24/2024, 5:00:00 PM",228
"8/24/2024, 5:15:00 PM",284
"8/24/2024, 5:30:00 PM",334
"8/24/2024, 5:45:00 PM",32
"8/24/2024, 6:00:00 PM",351
"8/24/2024, 6:15:00 PM",175
"8/24/2024, 6:30:00 PM",144
"8/24/2024, 6:45:00 PM",168
"8/24/2024, 7:00:00 PM",154
"8/24/2024, 7:15:00 PM",173
"8/24/2024, 7:30:00 PM",232
"8/24/2024, 7:45:00 PM",111
"8/24/2024, 8:00:00 PM",1
"8/24/2024, 8:15:00 PM",20
"8/24/2024, 8:30:00 PM",18
"8/24/2024, 8:45:00 PM",13
"8/24/2024, 9:00:00 PM",16
"8/24/2024, 9:15:00 PM",10
"8/24/2024, 9:30:00 PM",18
"8/24/2024, 9:45:00 PM",13
"8/24/2024, 10:00:00 PM",18
"8/24/2024, 10:15:00 PM",11
"8/24/2024, 10:30:00 PM",8
"8/24/2024, 10:45:00 PM",19
"8/24/2024, 11:00:00 PM",10
"8/24/2024, 11:15:00 PM",3
"8/24/2024, 11:30:00 PM",15
"8/24/2024, 11:45:00 PM",3
"8/25/2024, 12:00:00 AM",11
"8/25/2024, 12:15:00 AM",15
"8/25/2024, 12:30:00 AM",13
"8/25/2024, 12:45:00 AM",13
"8/25/2024, 1:00:00 AM",18
"8/25/2024, 1:15:00 AM",12
"8/25/2024, 1:30:00 AM",6
"8/25/2024, 1:45:00 AM",1
"8/25/2024, 2:00:00 AM",4
"8/25/2024, 2:15:00 AM",2
"8/25/2024, 2:30:00 AM",2
"8/25/2024, 2:45:00 AM",7
"8/25/2024, 3:00:00 AM",17
"8/25/2024, 3:15:00 AM",11
"8/25/2024, 3:30:00 AM",4
"8/25/2024, 3:45:00 AM",2
"8/25/2024, 4:00:00 AM",3
"8/25/2024, 4:15:00 AM",9
"8/25/2024, 4:30:00 AM",18
"8/25/2024, 4:45:00 AM",16
"8/25/2024, 5:00:00 AM",2
"8/25/2024, 5:15:00 AM",6
"8/25/2024, 5:30:00 AM",6
"8/25/2024, 5:45:00 AM",15
"8/25/2024, 6:00:00 AM",9
"8/25/2024, 6:15:00 AM",3
"8/25/2024, 6:30:00 AM",2
"8/25/2024, 6:45:00 AM",20
"8/25/2024, 7:00:00 AM",20
"8/25/2024, 7:15:00 AM",12
"8/25/2024, 7:30:00 AM",138
"8/25/2024, 7:45:00 AM",333
"8/25/2024, 8:00:00 AM",219
"8/25/2024, 8:15:00 AM",264
"8/25/2024, 8:30:00 AM",223
"8/25/2024, 8:45:00 AM",106
"8/25/2024, 9:00:00 AM",189
"8/25/2024, 9:15:00 AM",349
"8/25/2024, 9:30:00 AM",60
"8/25/2024, 9:45:00 AM",341
"8/25/2024, 10:00:00 AM",353
"8/25/2024, 10:15:00 AM",112
"8/25/2024, 10:30:00 AM",237
"8/25/2024, 10:45:00 AM",194
"8/25/2024, 11:00:00 AM",257
"8/25/2024, 11:15:00 AM",177
"8/25/2024, 11:30:00 AM",369
"8/25/2024, 11:45:00 AM",10
"8/25/2024, 12:00:00 PM",183
"8/25/2024, 12:15:00 PM",210
"8/25/2024, 12:30:00 PM",151
"8/25/2024, 12:45:00 PM",251
"8/25/2024, 1:00:00 PM",105
"8/25/2024, 1:15:00 PM",288
"8/25/2024, 1:30:00 PM",49
"8/25/2024, 1:45:00 PM",334
"8/25/2024, 2:00:00 PM",100
"8/25/2024, 2:15:00 PM",158
"8/25/2024, 2:30:00 PM",190
"8/25/2024, 2:45:00 PM",117
"8/25/2024, 3:00:00 PM",63
"8/25/2024, 3:15:00 PM",219
"8/25/2024, 3:30:00 PM",244
"8/25/2024, 3:45:00 PM",103
"8/25/2024, 4:00:00 PM",381
"8/25/2024, 4:15:00 PM",71
"8/25/2024, 4:30:00 PM",247
"8/25/2024, 4:45:00 PM",12
"8/25/2024, 5:00:00 PM",77
"8/25/2024, 5:15:00 PM",367
"8/25/2024, 5:30:00 PM",334
"8/25/2024, 5:45:00 PM",23
"8/25/2024, 6:00:00 PM",345
"8/25/2024, 6:15:00 PM",162
"8/25/2024, 6:30:00 PM",296
"8/25/2024, 6:45:00 PM",33
"8/25/2024, 7:00:00 PM",85
"8/25/2024, 7:15:00 PM",12
"8/25/2024, 7:30:00 PM",14
"8/25/2024, 7:45:00 PM",6
"8/25/2024, 8:00:00 PM",10
"8/25/2024, 8:15:00 PM",13
"8/25/2024, 8:30:00 PM",16
"8/25/2024, 8:45:00 PM",9
"8/25/2024, 9:00:00 PM",5
"8/25/2024, 9:15:00 PM",2
"8/25/2024, 9:30:00 PM",4
"8/25/2024, 9:45:00 PM",13
"8/25/2024, 10:00:00 PM",12
"8/25/2024, 10:15:00 PM",0
"8/25/2024, 10:30:00 PM",4
"8/25/2024, 10:45:00 PM",17
"8/25/2024, 11:00:00 PM",8
"8/25/2024, 11:15:00 PM",8
"8/25/2024, 11:30:00 PM",6
"8/25/2024, 11:45:00 PM",17
"8/26/2024, 12:00:00 AM",3
"8/26/2024, 12:15:00 AM",10
"8/26/2024, 12:30:00 AM",20
"8/26/2024, 12:45:00 AM",18
"8/26/2024, 1:00:00 AM",17
"8/26/2024, 1:15:00 AM",9
"8/26/2024, 1:30:00 AM",12
"8/26/2024, 1:45:00 AM",18
"8/26/2024, 2:00:00 AM",2
"8/26/2024, 2:15:00 AM",13
"8/26/2024, 2:30:00 AM",11
"8/26/2024, 2:45:00 AM",14
"8/26/2024, 3:00:00 AM",11
"8/26/2024, 3:15:00 AM",8
"8/26/2024, 3:30:00 AM",13
"8/26/2024, 3:45:00 AM",14
"8/26/2024, 4:00:00 AM",6
"8/26/2024, 4:15:00 AM",7
"8/26/2024, 4:30:00 AM",9
"8/26/2024, 4:45:00 AM",2
"8/26/2024, 5:00:00 AM",13
"8/26/2024, 5:15:00 AM",15
"8/26/2024, 5:30:00 AM",9
"8/26/2024, 5:45:00 AM",2
"8/26/2024, 6:00:00 AM",14
"8/26/2024, 6:15:00 AM",8
"8/26/2024, 6:30:00 AM",9
"8/26/2024, 6:45:00 AM",135
"8/26/2024, 7:00:00 AM",344
"8/26/2024, 7:15:00 AM",282
"8/26/2024, 7:30:00 AM",306
"8/26/2024, 7:45:00 AM",301
"8/26/2024, 8:00:00 AM",137
"8/26/2024, 8:15:00 AM",16
"8/26/2024, 8:30:00 AM",43
"8/26/2024, 8:45:00 AM",6
"8/26/2024, 9:00:00 AM",293
"8/26/2024, 9:15:00 AM",132
"8/26/2024, 9:30:00 AM",353
"8/26/2024, 9:45:00 AM",7
"8/26/2024, 10:00:00 AM",126
"8/26/2024, 10:15:00 AM",174
"8/26/2024, 10:30:00 AM",351
"8/26/2024, 10:45:00 AM",350
"8/26/2024, 11:00:00 AM",2
"8/26/2024, 11:15:00 AM",278
"8/26/2024, 11:30:00 AM",1
"8/26/2024, 11:45:00 AM",98
"8/26/2024, 12:00:00 PM",305
"8/26/2024, 12:15:00 PM",130
"8/26/2024, 12:30:00 PM",274
"8/26/2024, 12:45:00 PM",220
"8/26/2024, 1:00:00 PM",219
"8/26/2024, 1:15:00 PM",341
"8/26/2024, 1:30:00 PM",234
"8/26/2024, 1:45:00 PM",111
"8/26/2024, 2:00:00 PM",119
"8/26/2024, 2:15:00 PM",381
"8/26/2024, 2:30:00 PM",45
"8/26/2024, 2:45:00 PM",51
"8/26/2024, 3:00:00 PM",109
"8/26/2024, 3:15:00 PM",71
"8/26/2024, 3:30:00 PM",254
"8/26/2024, 3:45:00 PM",7
"8/26/2024, 4:00:00 PM",154
"8/26/2024, 4:15:00 PM",17
"8/26/2024, 4:30:00 PM",389
"8/26/2024, 4:45:00 PM",5
"8/26/2024, 5:00:00 PM",153
"8/26/2024, 5:15:00 PM",147
"8/26/2024, 5:30:00 PM",160
"8/26/2024, 5:45:00 PM",245
"8/26/2024, 6:00:00 PM",119
"8/26/2024, 6:15:00 PM",259
"8/26/2024, 6:30:00 PM",2
"8/26/2024, 6:45:00 PM",7
"8/26/2024, 7:00:00 PM",9
"8/26/2024, 7:15:00 PM",6
"8/26/2024, 7:30:00 PM",9
"8/26/2024, 7:45:00 PM",18
"8/26/2024, 8:00:00 PM",10
"8/26/2024, 8:15:00 PM",16
"8/26/2024, 8:30:00 PM",5
"8/26/2024, 8:45:00 PM",9
"8/26/2024, 9:00:00 PM",13
"8/26/2024, 9:15:00 PM",18
"8/26/2024, 9:30:00 PM",14
"8/26/2024, 9:45:00 PM",13
"8/26/2024, 10:00:00 PM",2
"8/26/2024, 10:15:00 PM",11
"8/26/2024, 10:30:00 PM",5
"8/26/2024, 10:45:00 PM",7
"8/26/2024, 11:00:00 PM",16
"8/26/2024, 11:15:00 PM",11
"8/26/2024, 11:30:00 PM",2
"8/26/2024, 11:45:00 PM",6
"8/27/2024, 12:00:00 AM",11
"8/27/2024, 12:15:00 AM",16
"8/27/2024, 12:30:00 AM",14
"8/27/2024, 12:45:00 AM",10
"8/27/2024, 1:00:00 AM",13
"8/27/2024, 1:15:00 AM",5
"8/27/2024, 1:30:00 AM",17
"8/27/2024, 1:45:00 AM",15
"8/27/2024, 2:00:00 AM",11
"8/27/2024, 2:15:00 AM",5
"8/27/2024, 2:30:00 AM",1
"8/27/2024, 2:45:00 AM",16
"8/27/2024, 3:00:00 AM",15
"8/27/2024, 3:15:00 AM",1
"8/27/2024, 3:30:00 AM",15
"8/27/2024, 3:45:00 AM",2
"8/27/2024, 4:00:00 AM",18
"8/27/2024, 4:15:00 AM",2
"8/27/2024, 4:30:00 AM",5
"8/27/2024, 4:45:00 AM",18
"8/27/2024, 5:00:00 AM",15
"8/27/2024, 5:15:00 AM",7
"8/27/2024, 5:30:00 AM",17
"8/27/2024, 5:45:00 AM",11
"8/27/2024, 6:00:00 AM",125
"8/27/2024, 6:15:00 AM",120
"8/27/2024, 6:30:00 AM",100
"8/27/2024, 6:45:00 AM",193
"8/27/2024, 7:00:00 AM",63
"8/27/2024, 7:15:00 AM",286
"8/27/2024, 7:30:00 AM",14
"8/27/2024, 7:45:00 AM",175
"8/27/2024, 8:00:00 AM",135
"8/27/2024, 8:15:00 AM",334
"8/27/2024, 8:30:00 AM",228
"8/27/2024, 8:45:00 AM",187
"8/27/2024, 9:00:00 AM",295
"8/27/2024, 9:15:00 AM",176
"8/27/2024, 9:30:00 AM",294
"8/27/2024, 9:45:00 AM",9
"8/27/2024, 10:00:00 AM",179
"8/27/2024, 10:15:00 AM",121
"8/27/2024, 10:30:00 AM",190
"8/27/2024, 10:45:00 AM",359
"8/27/2024, 11:00:00 AM",122
"8/27/2024, 11:15:00 AM",64
"8/27/2024, 11:30:00 AM",238
"8/27/2024, 11:45:00 AM",170
"8/27/2024, 12:00:00 PM",13
"8/27/2024, 12:15:00 PM",168
"8/27/2024, 12:30:00 PM",214
"8/27/2024, 12:45:00 PM",201
"8/27/2024, 1:00:00 PM",247
"8/27/2024, 1:15:00 PM",317
"8/27/2024, 1:30:00 PM",104
"8/27/2024, 1:45:00 PM",71
"8/27/2024, 2:00:00 PM",356
"8/27/2024, 2:15:00 PM",317
"8/27/2024, 2:30:00 PM",226
"8/27/2024, 2:45:00 PM",28
"8/27/2024, 3:00:00 PM",123
"8/27/2024, 3:15:00 PM",45
"8/27/2024, 3:30:00 PM",96
"8/27/2024, 3:45:00 PM",159
"8/27/2024, 4:00:00 PM",19
"8/27/2024, 4:15:00 PM",115
"8/27/2024, 4:30:00 PM",160
"8/27/2024, 4:45:00 PM",330
"8/27/2024, 5:00:00 PM",83
"8/27/2024, 5:15:00 PM",32
"8/27/2024, 5:30:00 PM",82
"8/27/2024, 5:45:00 PM",4
"8/27/2024, 6:00:00 PM",13
"8/27/2024, 6:15:00 PM",10
"8/27/2024, 6:30:00 PM",13
"8/27/2024, 6:45:00 PM",5
"8/27/2024, 7:00:00 PM",6
"8/27/2024, 7:15:00 PM",10
"8/27/2024, 7:30:00 PM",10
"8/27/2024, 7:45:00 PM",1
"8/27/2024, 8:00:00 PM",16
"8/27/2024, 8:15:00 PM",2
"8/27/2024, 8:30:00 PM",14
"8/27/2024, 8:45:00 PM",9
"8/27/2024, 9:00:00 PM",16
"8/27/2024, 9:15:00 PM",16
"8/27/2024, 9:30:00 PM",4
"8/27/2024, 9:45:00 PM",2
"8/27/2024, 10:00:00 PM",14
"8/27/2024, 10:15:00 PM",7
"8/27/2024, 10:30:00 PM",9
"8/27/2024, 10:45:00 PM",17
"8/27/2024, 11:00:00 PM",15
"8/27/2024, 11:15:00 PM",16
"8/27/2024, 11:30:00 PM",13
"8/27/2024, 11:45:00 PM",6
"8/28/2024, 12:00:00 AM",17
"8/28/2024, 12:15:00 AM",8
"8/28/2024, 12:30:00 AM",20
"8/28/2024, 12:45:00 AM",14
"8/28/2024, 1:00:00 AM",15
"8/28/2024, 1:15:00 AM",6
"8/28/2024, 1:30:00 AM",5
"8/28/2024, 1:45:00 AM",5
"8/28/2024, 2:00:00 AM",11
"8/28/2024, 2:15:00 AM",11
"8/28/2024, 2:30:00 AM",1
"8/28/2024, 2:45:00 AM",3
"8/28/2024, 3:00:00 AM",19
"8/28/2024, 3:15:00 AM",3
"8/28/2024, 3:30:00 AM",16
"8/28/2024, 3:45:00 AM",7
"8/28/2024, 4:00:00 AM",9
"8/28/2024, 4:15:00 AM",5
"8/28/2024, 4:30:00 AM",6
"8/28/2024, 4:45:00 AM",6
"8/28/2024, 5:00:00 AM",19
"8/28/2024, 5:15:00 AM",301
"8/28/2024, 5:30:00 AM",5
"8/28/2024, 5:45:00 AM",52
"8/28/2024, 6:00:00 AM",319
"8/28/2024, 6:15:00 AM",220
"8/28/2024, 6:30:00 AM",165
"8/28/2024, 6:45:00 AM",126
"8/28/2024, 7:00:00 AM",202
"8/28/2024, 7:15:00 AM",78
"8/28/2024, 7:30:00 AM",15
"8/28/2024, 7:45:00 AM",194
"8/28/2024, 8:00:00 AM",274
"8/28/2024, 8:15:00 AM",41
"8/28/2024, 8:30:00 AM",289
"8/28/2024, 8:45:00 AM",77
"8/28/2024, 9:00:00 AM",181
"8/28/2024, 9:15:00 AM",96
"8/28/2024, 9:30:00 AM",52
"8/28/2024, 9:45:00 AM",50
"8/28/2024, 10:00:00 AM",258
"8/28/2024, 10:15:00 AM",151
"8/28/2024, 10:30:00 AM",171
"8/28/2024, 10:45:00 AM",376
"8/28/2024, 11:00:00 AM",239
"8/28/2024, 11:15:00 AM",246
"8/28/2024, 11:30:00 AM",286
"8/28/2024, 11:45:00 AM",192
"8/28/2024, 12:00:00 PM",13
"8/28/2024, 12:15:00 PM",207
"8/28/2024, 12:30:00 PM",24
"8/28/2024, 12:45:00 PM",106
"8/28/2024, 1:00:00 PM",339
"8/28/2024, 1:15:00 PM",249
"8/28/2024, 1:30:00 PM",63
"8/28/2024, 1:45:00 PM",151
"8/28/2024, 2:00:00 PM",334
"8/28/2024, 2:15:00 PM",394
"8/28/2024, 2:30:00 PM",289
"8/28/2024, 2:45:00 PM",3
"8/28/2024, 3:00:00 PM",186
"8/28/2024, 3:15:00 PM",123
"8/28/2024, 3:30:00 PM",361
"8/28/2024, 3:45:00 PM",108
"8/28/2024, 4:00:00 PM",51
"8/28/2024, 4:15:00 PM",164
"8/28/2024, 4:30:00 PM",304
"8/28/2024, 4:45:00 PM",307
"8/28/2024, 5:00:00 PM",2
"8/28/2024, 5:15:00 PM",17
"8/28/2024, 5:30:00 PM",7
"8/28/2024, 5:45:00 PM",15
"8/28/2024, 6:00:00 PM",5
"8/28/2024, 6:15:00 PM",16
"8/28/2024, 6:30:00 PM",14
"8/28/2024, 6:45:00 PM",10
"8/28/2024, 7:00:00 PM",1
"8/28/2024, 7:15:00 PM",12
"8/28/2024, 7:30:00 PM",15
"8/28/2024, 7:45:00 PM",11
"8/28/2024, 8:00:00 PM",3
"8/28/2024, 8:15:00 PM",16
"8/28/2024, 8:30:00 PM",1
"8/28/2024, 8:45:00 PM",18
"8/28/2024, 9:00:00 PM",6
"8/28/2024, 9:15:00 PM",19
"8/28/2024, 9:30:00 PM",11
"8/28/2024, 9:45:00 PM",3
"8/28/2024, 10:00:00 PM",10
"8/28/2024, 10:15:00 PM",16
"8/28/2024, 10:30:00 PM",20
"8/28/2024, 10:45:00 PM",16
"8/28/2024, 11:00:00 PM",17
"8/28/2024, 11:15:00 PM",13
"8/28/2024, 11:30:00 PM",6
"8/28/2024, 11:45:00 PM",0
"8/29/2024, 12:00:00 AM",5
"8/29/2024, 12:15:00 AM",12
"8/29/2024, 12:30:00 AM",3
"8/29/2024, 12:45:00 AM",12
"8/29/2024, 1:00:00 AM",9
"8/29/2024, 1:15:00 AM",7
"8/29/2024, 1:30:00 AM",7
"8/29/2024, 1:45:00 AM",15
"8/29/2024, 2:00:00 AM",9
"8/29/2024, 2:15:00 AM",5
"8/29/2024, 2:30:00 AM",12
"8/29/2024, 2:45:00 AM",3
"8/29/2024, 3:00:00 AM",15
"8/29/2024, 3:15:00 AM",6
"8/29/2024, 3:30:00 AM",9
"8/29/2024, 3:45:00 AM",6
"8/29/2024, 4:00:00 AM",4
"8/29/2024, 4:15:00 AM",8
"8/29/2024, 4:30:00 AM",3
"8/29/2024, 4:45:00 AM",216
"8/29/2024, 5:00:00 AM",334
"8/29/2024, 5:15:00 AM",174
"8/29/2024, 5:30:00 AM",51
"8/29/2024, 5:45:00 AM",226
"8/29/2024, 6:00:00 AM",366
"8/29/2024, 6:15:00 AM",387
"8/29/2024, 6:30:00 AM",105
"8/29/2024, 6:45:00 AM",374
"8/29/2024, 7:00:00 AM",380
"8/29/2024, 7:15:00 AM",100
"8/29/2024, 7:30:00 AM",5
"8/29/2024, 7:45:00 AM",110
"8/29/2024, 8:00:00 AM",285
"8/29/2024, 8:15:00 AM",204
"8/29/2024, 8:30:00 AM",176
"8/29/2024, 8:45:00 AM",132
"8/29/2024, 9:00:00 AM",338
"8/29/2024, 9:15:00 AM",162
"8/29/2024, 9:30:00 AM",278
"8/29/2024, 9:45:00 AM",260
"8/29/2024, 10:00:00 AM",54
"8/29/2024, 10:15:00 AM",307
"8/29/2024, 10:30:00 AM",266
"8/29/2024, 10:45:00 AM",30
"8/29/2024, 11:00:00 AM",217
"8/29/2024, 11:15:00 AM",286
"8/29/2024, 11:30:00 AM",146
"8/29/2024, 11:45:00 AM",287
"8/29/2024, 12:00:00 PM",138
"8/29/2024, 12:15:00 PM",344
"8/29/2024, 12:30:00 PM",71
"8/29/2024, 12:45:00 PM",31
"8/29/2024, 1:00:00 PM",187
"8/29/2024, 1:15:00 PM",329
"8/29/2024, 1:30:00 PM",296
"8/29/2024, 1:45:00 PM",279
"8/29/2024, 2:00:00 PM",384
"8/29/2024, 2:15:00 PM",389
"8/29/2024, 2:30:00 PM",372
"8/29/2024, 2:45:00 PM",150
"8/29/2024, 3:00:00 PM",230
"8/29/2024, 3:15:00 PM",190
"8/29/2024, 3:30:00 PM",264
"8/29/2024, 3:45:00 PM",67
"8/29/2024, 4:00:00 PM",8
"8/29/2024, 4:15:00 PM",15
"8/29/2024, 4:30:00 PM",17
"8/29/2024, 4:45:00 PM",0
"8/29/2024, 5:00:00 PM",9
"8/29/2024, 5:15:00 PM",6
"8/29/2024, 5:30:00 PM",18
"8/29/2024, 5:45:00 PM",0
"8/29/2024, 6:00:00 PM",4
"8/29/2024, 6:15:00 PM",8
"8/29/2024, 6:30:00 PM",12
"8/29/2024, 6:45:00 PM",19
"8/29/2024, 7:00:00 PM",8
"8/29/2024, 7:15:00 PM",19
"8/29/2024, 7:30:00 PM",17
"8/29/2024, 7:45:00 PM",18
"8/29/2024, 8:00:00 PM",10
"8/29/2024, 8:15:00 PM",8
"8/29/2024, 8:30:00 PM",3
"8/29/2024, 8:45:00 PM",13
"8/29/2024, 9:00:00 PM",15
"8/29/2024, 9:15:00 PM",8
"8/29/2024, 9:30:00 PM",9
"8/29/2024, 9:45:00 PM",9
"8/29/2024, 10:00:00 PM",12
"8/29/2024, 10:15:00 PM",16
"8/29/2024, 10:30:00 PM",4
"8/29/2024, 10:45:00 PM",11
"8/29/2024, 11:00:00 PM",1
"8/29/2024, 11:15:00 PM",0
"8/29/2024, 11:30:00 PM",14
"8/29/2024, 11:45:00 PM",9
"8/30/2024, 12:00:00 AM",6
"8/30/2024, 12:15:00 AM",1
"8/30/2024, 12:30:00 AM",17
"8/30/2024, 12:45:00 AM",3
"8/30/2024, 1:00:00 AM",1
"8/30/2024, 1:15:00 AM",18
"8/30/2024, 1:30:00 AM",15
"8/30/2024, 1:45:00 AM",12
"8/30/2024, 2:00:00 AM",16
"8/30/2024, 2:15:00 AM",7
"8/30/2024, 2:30:00 AM",4
"8/30/2024, 2:45:00 AM",16
"8/30/2024, 3:00:00 AM",13
"8/30/2024, 3:15:00 AM",19
"8/30/2024, 3:30:00 AM",8
"8/30/2024, 3:45:00 AM",121
"8/30/2024, 4:00:00 AM",75
"8/30/2024, 4:15:00 AM",291
"8/30/2024, 4:30:00 AM",32
"8/30/2024, 4:45:00 AM",83
"8/30/2024, 5:00:00 AM",230
"8/30/2024, 5:15:00 AM",80
"8/30/2024, 5:30:00 AM",196
"8/30/2024, 5:45:00 AM",69
"8/30/2024, 6:00:00 AM",50
"8/30/2024, 6:15:00 AM",52
"8/30/2024, 6:30:00 AM",225
"8/30/2024, 6:45:00 AM",47
"8/30/2024, 7:00:00 AM",387
"8/30/2024, 7:15:00 AM",388
"8/30/2024, 7:30:00 AM",4
"8/30/2024, 7:45:00 AM",205
"8/30/2024, 8:00:00 AM",132
"8/30/2024, 8:15:00 AM",71
"8/30/2024, 8:30:00 AM",69
"8/30/2024, 8:45:00 AM",326
"8/30/2024, 9:00:00 AM",121
"8/30/2024, 9:15:00 AM",5
"8/30/2024, 9:30:00 AM",207
"8/30/2024, 9:45:00 AM",154
"8/30/2024, 10:00:00 AM",249
"8/30/2024, 10:15:00 AM",218
"8/30/2024, 10:30:00 AM",170
"8/30/2024, 10:45:00 AM",133
"8/30/2024, 11:00:00 AM",271
"8/30/2024, 11:15:00 AM",220
"8/30/2024, 11:30:00 AM",319
"8/30/2024, 11:45:00 AM",231
"8/30/2024, 12:00:00 PM",240
"8/30/2024, 12:15:00 PM",41
"8/30/2024, 12:30:00 PM",349
"8/30/2024, 12:45:00 PM",87
"8/30/2024, 1:00:00 PM",66
"8/30/2024, 1:15:00 PM",6
"8/30/2024, 1:30:00 PM",227
"8/30/2024, 1:45:00 PM",260
"8/30/2024, 2:00:00 PM",342
"8/30/2024, 2:15:00 PM",172
"8/30/2024, 2:30:00 PM",297
"8/30/2024, 2:45:00 PM",252
"8/30/2024, 3:00:00 PM",112
"8/30/2024, 3:15:00 PM",11
"8/30/2024, 3:30:00 PM",7
"8/30/2024, 3:45:00 PM",4
"8/30/2024, 4:00:00 PM",14
"8/30/2024, 4:15:00 PM",8
"8/30/2024, 4:30:00 PM",6
"8/30/2024, 4:45:00 PM",5
"8/30/2024, 5:00:00 PM",11
"8/30/2024, 5:15:00 PM",18
"8/30/2024, 5:30:00 PM",9
"8/30/2024, 5:45:00 PM",13
"8/30/2024, 6:00:00 PM",5
"8/30/2024, 6:15:00 PM",10
"8/30/2024, 6:30:00 PM",10
"8/30/2024, 6:45:00 PM",14
"8/30/2024, 7:00:00 PM",14
"8/30/2024, 7:15:00 PM",2
"8/30/2024, 7:30:00 PM",15
"8/30/2024, 7:45:00 PM",8
"8/30/2024, 8:00:00 PM",17
"8/30/2024, 8:15:00 PM",13
"8/30/2024, 8:30:00 PM",4
"8/30/2024, 8:45:00 PM",1
"8/30/2024, 9:00:00 PM",10
"8/30/2024, 9:15:00 PM",2
"8/30/2024, 9:30:00 PM",15
"8/30/2024, 9:45:00 PM",11
"8/30/2024, 10:00:00 PM",7
"8/30/2024, 10:15:00 PM",3
"8/30/2024, 10:30:00 PM",5
"8/30/2024, 10:45:00 PM",5
"8/30/2024, 11:00:00 PM",0
"8/30/2024, 11:15:00 PM",3
"8/30/2024, 11:30:00 PM",13
"8/30/2024, 11:45:00 PM",18
"8/31/2024, 12:00:00 AM",4
"8/31/2024, 12:15:00 AM",4
"8/31/2024, 12:30:00 AM",5
"8/31/2024, 12:45:00 AM",14
"8/31/2024, 1:00:00 AM",17
"8/31/2024, 1:15:00 AM",6
"8/31/2024, 1:30:00 AM",0
"8/31/2024, 1:45:00 AM",8
"8/31/2024, 2:00:00 AM",16
"8/31/2024, 2:15:00 AM",6
"8/31/2024, 2:30:00 AM",6
"8/31/2024, 2:45:00 AM",12
"8/31/2024, 3:00:00 AM",7
"8/31/2024, 3:15:00 AM",4
"8/31/2024, 3:30:00 AM",66
"8/31/2024, 3:45:00 AM",55
"8/31/2024, 4:00:00 AM",233
"8/31/2024, 4:15:00 AM",25
"8/31/2024, 4:30:00 AM",321
"8/31/2024, 4:45:00 AM",337
"8/31/2024, 5:00:00 AM",32
"8/31/2024, 5:15:00 AM",275
"8/31/2024, 5:30:00 AM",301
"8/31/2024, 5:45:00 AM",226
"8/31/2024, 6:00:00 AM",377
"8/31/2024, 6:15:00 AM",293
"8/31/2024, 6:30:00 AM",84
"8/31/2024, 6:45:00 AM",301
"8/31/2024, 7:00:00 AM",329
"8/31/2024, 7:15:00 AM",148
"8/31/2024, 7:30:00 AM",334
"8/31/2024, 7:45:00 AM",165
"8/31/2024, 8:00:00 AM",69
"8/31/2024, 8:15:00 AM",160
"8/31/2024, 8:30:00 AM",181
"8/31/2024, 8:45:00 AM",49
"8/31/2024, 9:00:00 AM",212
"8/31/2024, 9:15:00 AM",161
"8/31/2024, 9:30:00 AM",181
"8/31/2024, 9:45:00 AM",197
"8/31/2024, 10:00:00 AM",6
"8/31/2024, 10:15:00 AM",40
"8/31/2024, 10:30:00 AM",178
"8/31/2024, 10:45:00 AM",128
"8/31/2024, 11:00:00 AM",15
"8/31/2024, 11:15:00 AM",302
"8/31/2024, 11:30:00 AM",138
"8/31/2024, 11:45:00 AM",384
"8/31/2024, 12:00:00 PM",258
"8/31/2024, 12:15:00 PM",189
"8/31/2024, 12:30:00 PM",294
"8/31/2024, 12:45:00 PM",288
"8/31/2024, 1:00:00 PM",256
"8/31/2024, 1:15:00 PM",31
"8/31/2024, 1:30:00 PM",246
"8/31/2024, 1:45:00 PM",180
"8/31/2024, 2:00:00 PM",273
"8/31/2024, 2:15:00 PM",287
"8/31/2024, 2:30:00 PM",11
"8/31/2024, 2:45:00 PM",16
"8/31/2024, 3:00:00 PM",5
"8/31/2024, 3:15:00 PM",19
"8/31/2024, 3:30:00 PM",2
"8/31/2024, 3:45:00 PM",9
"8/31/2024, 4:00:00 PM",15
"8/31/2024, 4:15:00 PM",17
"8/31/2024, 4:30:00 PM",8
"8/31/2024, 4:45:00 PM",9
"8/31/2024, 5:00:00 PM",9
"8/31/2024, 5:15:00 PM",10
"8/31/2024, 5:30:00 PM",19
"8/31/2024, 5:45:00 PM",20
"8/31/2024, 6:00:00 PM",6
"8/31/2024, 6:15:00 PM",12
"8/31/2024, 6:30:00 PM",13
"8/31/2024, 6:45:00 PM",7
"8/31/2024, 7:00:00 PM",0
"8/31/2024, 7:15:00 PM",2
"8/31/2024, 7:30:00 PM",12
"8/31/2024, 7:45:00 PM",14
"8/31/2024, 8:00:00 PM",14
"8/31/2024, 8:15:00 PM",19
"8/31/2024, 8:30:00 PM",16
"8/31/2024, 8:45:00 PM",18
"8/31/2024, 9:00:00 PM",16
"8/31/2024, 9:15:00 PM",12
"8/31/2024, 9:30:00 PM",5
"8/31/2024, 9:45:00 PM",15
"8/31/2024, 10:00:00 PM",10
"8/31/2024, 10:15:00 PM",3
"8/31/2024, 10:30:00 PM",3
"8/31/2024, 10:45:00 PM",14
"8/31/2024, 11:00:00 PM",5
"8/31/2024, 11:15:00 PM",5
"8/31/2024, 11:30:00 PM",7
"8/31/2024, 11:45:00 PM",13
"9/1/2024, 12:00:00 AM",16
"9/1/2024, 12:15:00 AM",5
"9/1/2024, 12:30:00 AM",19
"9/1/2024, 12:45:00 AM",3
"9/1/2024, 1:00:00 AM",19
"9/1/2024, 1:15:00 AM",18
"9/1/2024, 1:30:00 AM",18
"9/1/2024, 1:45:00 AM",2
"9/1/2024, 2:00:00 AM",4
"9/1/2024, 2:15:00 AM",12
"9/1/2024, 2:30:00 AM",64
"9/1/2024, 2:45:00 AM",213
"9/1/2024, 3:00:00 AM",162
"9/1/2024, 3:15:00 AM",377
"9/1/2024, 3:30:00 AM",339
"9/1/2024, 3:45:00 AM",350
"9/1/2024, 4:00:00 AM",201
"9/1/2024, 4:15:00 AM",88
"9/1/2024, 4:30:00 AM",256
"9/1/2024, 4:45:00 AM",203
"9/1/2024, 5:00:00 AM",274
"9/1/2024, 5:15:00 AM",184
"9/1/2024, 5:30:00 AM",53
"9/1/2024, 5:45:00 AM",293
"9/1/2024, 6:00:00 AM",108
"9/1/2024, 6:15:00 AM",137
"9/1/2024, 6:30:00 AM",231
"9/1/2024, 6:45:00 AM",153
"9/1/2024, 7:00:00 AM",13
"9/1/2024, 7:15:00 AM",346
"9/1/2024, 7:30:00 AM",42
"9/1/2024, 7:45:00 AM",292
"9/1/2024, 8:00:00 AM",164
"9/1/2024, 8:15:00 AM",70
"9/1/2024, 8:30:00 AM",169
"9/1/2024, 8:45:00 AM",362
"9/1/2024, 9:00:00 AM",400
"9/1/2024, 9:15:00 AM",370
"9/1/2024, 9:30:00 AM",302
"9/1/2024, 9:45:00 AM",215
"9/1/2024, 10:00:00 AM",255
"9/1/2024, 10:15:00 AM",253
"9/1/2024, 10:30:00 AM",370
"9/1/2024, 10:45:00 AM",331
"9/1/2024, 11:00:00 AM",367
"9/1/2024, 11:15:00 AM",7
"9/1/2024, 11:30:00 AM",190
"9/1/2024, 11:45:00 AM",233
"9/1/2024, 12:00:00 PM",20
"9/1/2024, 12:15:00 PM",167
"9/1/2024, 12:30:00 PM",342
"9/1/2024, 12:45:00 PM",262
"9/1/2024, 1:00:00 PM",389
"9/1/2024, 1:15:00 PM",282
"9/1/2024, 1:30:00 PM",106
"9/1/2024, 1:45:00 PM",3
"9/1/2024, 2:00:00 PM",18
"9/1/2024, 2:15:00 PM",16
"9/1/2024, 2:30:00 PM",2
"9/1/2024, 2:45:00 PM",18
"9/1/2024, 3:00:00 PM",5
"9/1/2024, 3:15:00 PM",17
"9/1/2024, 3:30:00 PM",9
"9/1/2024, 3:45:00 PM",2
"9/1/2024, 4:00:00 PM",8
"9/1/2024, 4:15:00 PM",13
"9/1/2024, 4:30:00 PM",1
"9/1/2024, 4:45:00 PM",12
"9/1/2024, 5:00:00 PM",18
"9/1/2024, 5:15:00 PM",7
"9/1/2024, 5:30:00 PM",5
"9/1/2024, 5:45:00 PM",5
"9/1/2024, 6:00:00 PM",4
"9/1/2024, 6:15:00 PM",8
"9/1/2024, 6:30:00 PM",8
"9/1/2024, 6:45:00 PM",10
"9/1/2024, 7:00:00 PM",8
"9/1/2024, 7:15:00 PM",17
"9/1/2024, 7:30:00 PM",4
"9/1/2024, 7:45:00 PM",12
"9/1/2024, 8:00:00 PM",14
"9/1/2024, 8:15:00 PM",16
"9/1/2024, 8:30:00 PM",10
"9/1/2024, 8:45:00 PM",5
"9/1/2024, 9:00:00 PM",3
"9/1/2024, 9:15:00 PM",6
"9/1/2024, 9:30:00 PM",11
"9/1/2024, 9:45:00 PM",3
"9/1/2024, 10:00:00 PM",11
"9/1/2024, 10:15:00 PM",19
"9/1/2024, 10:30:00 PM",7
"9/1/2024, 10:45:00 PM",9
"9/1/2024, 11:00:00 PM",7
"9/1/2024, 11:15:00 PM",19
"9/1/2024, 11:30:00 PM",11
"9/1/2024, 11:45:00 PM",18
"9/2/2024, 12:00:00 AM",9
"9/2/2024, 12:15:00 AM",9
"9/2/2024, 12:30:00 AM",12
"9/2/2024, 12:45:00 AM",11
"9/2/2024, 1:00:00 AM",20
"9/2/2024, 1:15:00 AM",13
"9/2/2024, 1:30:00 AM",191
"9/2/2024, 1:45:00 AM",395
"9/2/2024, 2:00:00 AM",31
"9/2/2024, 2:15:00 AM",165
"9/2/2024, 2:30:00 AM",108
"9/2/2024, 2:45:00 AM",351
"9/2/2024, 3:00:00 AM",380
"9/2/2024, 3:15:00 AM",61
"9/2/2024, 3:30:00 AM",275
"9/2/2024, 3:45:00 AM",5
"9/2/2024, 4:00:00 AM",371
"9/2/2024, 4:15:00 AM",255
"9/2/2024, 4:30:00 AM",114
"9/2/2024, 4:45:00 AM",77
"9/2/2024, 5:00:00 AM",359
"9/2/2024, 5:15:00 AM",123
"9/2/2024, 5:30:00 AM",309
"9/2/2024, 5:45:00 AM",376
"9/2/2024, 6:00:00 AM",215
"9/2/2024, 6:15:00 AM",349
"9/2/2024, 6:30:00 AM",157
"9/2/2024, 6:45:00 AM",232
"9/2/2024, 7:00:00 AM",261
"9/2/2024, 7:15:00 AM",6
"9/2/2024, 7:30:00 AM",342
"9/2/2024, 7:45:00 AM",361
"9/2/2024, 8:00:00 AM",346
"9/2/2024, 8:15:00 AM",336
"9/2/2024, 8:30:00 AM",4
"9/2/2024, 8:45:00 AM",24
"9/2/2024, 9:00:00 AM",187
"9/2/2024, 9:15:00 AM",103
"9/2/2024, 9:30:00 AM",315
"9/2/2024, 9:45:00 AM",148
"9/2/2024, 10:00:00 AM",149
"9/2/2024, 10:15:00 AM",215
"9/2/2024, 10:30:00 AM",325
"9/2/2024, 10:45:00 AM",92
"9/2/2024, 11:00:00 AM",391
"9/2/2024, 11:15:00 AM",203
"9/2/2024, 11:30:00 AM",254
"9/2/2024, 11:45:00 AM",378
"9/2/2024, 12:00:00 PM",373
"9/2/2024, 12:15:00 PM",187
"9/2/2024, 12:30:00 PM",358
"9/2/2024, 12:45:00 PM",32
"9/2/2024, 1:00:00 PM",11
"9/2/2024, 1:15:00 PM",6
"9/2/2024, 1:30:00 PM",10
"9/2/2024, 1:45:00 PM",4
"9/2/2024, 2:00:00 PM",19
"9/2/2024, 2:15:00 PM",7
"9/2/2024, 2:30:00 PM",13
"9/2/2024, 2:45:00 PM",13
"9/2/2024, 3:00:00 PM",14
"9/2/2024, 3:15:00 PM",9
"9/2/2024, 3:30:00 PM",4
"9/2/2024, 3:45:00 PM",3
"9/2/2024, 4:00:00 PM",19
"9/2/2024, 4:15:00 PM",8
"9/2/2024, 4:30:00 PM",1
"9/2/2024, 4:45:00 PM",6
"9/2/2024, 5:00:00 PM",10
"9/2/2024, 5:15:00 PM",18
"9/2/2024, 5:30:00 PM",17
"9/2/2024, 5:45:00 PM",16
"9/2/2024, 6:00:00 PM",5
"9/2/2024, 6:15:00 PM",20
"9/2/2024, 6:30:00 PM",20
"9/2/2024, 6:45:00 PM",20
"9/2/2024, 7:00:00 PM",17
"9/2/2024, 7:15:00 PM",19
"9/2/2024, 7:30:00 PM",10
"9/2/2024, 7:45:00 PM",5
"9/2/2024, 8:00:00 PM",6
"9/2/2024, 8:15:00 PM",1
"9/2/2024, 8:30:00 PM",3
"9/2/2024, 8:45:00 PM",9
"9/2/2024, 9:00:00 PM",4
"9/2/2024, 9:15:00 PM",16
"9/2/2024, 9:30:00 PM",7
"9/2/2024, 9:45:00 PM",12
"9/2/2024, 10:00:00 PM",19
"9/2/2024, 10:15:00 PM",2
"9/2/2024, 10:30:00 PM",14
"9/2/2024, 10:45:00 PM",12
"9/2/2024, 11:00:00 PM",13
"9/2/2024, 11:15:00 PM",14
"9/2/2024, 11:30:00 PM",7
"9/2/2024, 11:45:00 PM",6